inst_code,inst,major_code,major,min_score
0378,安徽财经大学,03,金融学,567
0378,安徽财经大学,06,经济与贸易类(国际经济与贸易、贸易经济),558
0378,安徽财经大学,08,工商管理类(工商管理、市场营销、人力资源管理),560
0378,安徽财经大学,18,会计学,593
0378,安徽财经大学,22,财政学类(财政学、税收学),578
0357,安徽大学,1A,汉语言文学,604
0357,安徽大学,1G,新闻传播学类(新闻学、广播电视学、编辑出版学、网络与新媒体),588
0357,安徽大学,1J,金融学,589
0357,安徽大学,1N,会计学,597
0357,安徽大学,1P,工商管理,592
0357,安徽大学,1V,英语,587
0357,安徽大学,21,法学,610
0360,安徽工业大学,03,经济学,546
0360,安徽工业大学,1E,英语,539
0360,安徽工业大学,1T,劳动与社会保障,533
0878,安徽建筑大学,1Z,法学,553
0878,安徽建筑大学,21,劳动与社会保障,522
0370,安徽师范大学,07,社会学,538
0370,安徽师范大学,47,地理科学(师范),569
0370,安徽师范大学,59,新闻学,559
0369,安徽中医药大学,06,中医学,577
0369,安徽中医药大学,09,中医骨伤科学,555
0369,安徽中医药大学,28,国际经济与贸易,507
0369,安徽中医药大学,31,医疗保险,518
0369,安徽中医药大学,32,养老服务管理,521
0369,安徽中医药大学,36,汉语国际教育,521
0369,安徽中医药大学,37,应用心理学,540
0369,安徽中医药大学,38,运动康复,557
1397,安康学院,01,思想政治教育(师范),514
0372,安庆师范大学,0G,国际经济与贸易,491
0667,安顺学院,01,中国共产党历史,487
0667,安顺学院,0V,旅游管理与服务教育,474
1330,安阳工学院,33,电子商务,481
0479,安阳师范学院,01,汉语言文学(师范),540
0479,安阳师范学院,03,历史学(师范),525
0479,安阳师范学院,20,思想政治教育(师范),532
0169,鞍山师范学院,11,思想政治教育(师范),520
0169,鞍山师范学院,12,社会工作,483
0169,鞍山师范学院,13,汉语言文学(师范),527
0169,鞍山师范学院,14,汉语国际教育,502
0169,鞍山师范学院,15,网络与新媒体,494
0169,鞍山师范学院,16,历史学(师范),515
0169,鞍山师范学院,17,英语(师范),504
0169,鞍山师范学院,18,日语,479
0169,鞍山师范学院,1A,会计学,517
0169,鞍山师范学院,1B,旅游管理,481
0169,鞍山师范学院,1C,酒店管理,477
0169,鞍山师范学院,1D,市场营销,484
0169,鞍山师范学院,1K,学前教育(师范),482
0169,鞍山师范学院,1L,小学教育(师范),505
0169,鞍山师范学院,1M,应用心理学(师范),502
0169,鞍山师范学院,1T,健康服务与管理,482
0169,鞍山师范学院,1U,养老服务管理,490
0206,白城师范学院,02,小学教育(师范),504
0206,白城师范学院,05,汉语言文学(师范),528
0206,白城师范学院,07,历史学(师范),518
0206,白城师范学院,15,地理科学(师范),522
0206,白城师范学院,A6,商务英语,481
0206,白城师范学院,C2,旅游管理,480
0206,白城师范学院,D5,财务管理,512
0206,白城师范学院,D6,物流管理,485
0609,百色学院,1F,人文地理与城乡规划,479
0609,百色学院,2F,市场营销,476
0609,百色学院,2G,财务管理,492
0609,百色学院,2M,城市管理,476
0609,百色学院,5A,国际经济与贸易,478
0609,百色学院,5D,历史学(师范),500
0609,百色学院,5F,学前教育(师范),481
0609,百色学院,5Y,新闻学,481
0609,百色学院,7K,小学教育(师范),490
0721,宝鸡文理学院,10,思想政治教育(师范),518
0721,宝鸡文理学院,14,外国语言文学类(英语、翻译),483
3891,保定理工学院,16,工商管理,454
3891,保定理工学院,17,市场营销,452
3891,保定理工学院,18,人力资源管理,452
3891,保定理工学院,20,会计学,464
3891,保定理工学院,21,经济学,454
3891,保定理工学院,24,财务管理,462
3891,保定理工学院,25,审计学,464
3891,保定理工学院,29,小学教育,450
0096,保定学院,11,汉语言文学(师范),549
0096,保定学院,22,知识产权,528
0096,保定学院,24,供应链管理,490
0096,保定学院,31,历史学(师范),532
0096,保定学院,91,地理科学(师范),532
0009,北方工业大学,01,经济与金融,569
0009,北方工业大学,02,法学,592
0009,北方工业大学,03,法学(菁英班),597
0009,北方工业大学,04,知识产权,590
0009,北方工业大学,05,英语(涉外法治),568
0009,北方工业大学,19,建筑学,510
0009,北方工业大学,1A,建筑学(海外交换),534
0009,北方工业大学,1H,会计学(注册会计师),592
1407,北方民族大学,07,法学,547
1407,北方民族大学,09,行政管理,495
1407,北方民族大学,12,经济学类(经济学、税收学、国际经济与贸易、金融学),508
1407,北方民族大学,13,工商管理类(工商管理、人力资源管理),526
1407,北方民族大学,14,会计学,536
1407,北方民族大学,21,英语,510
1407,北方民族大学,22,日语,506
1407,北方民族大学,23,阿拉伯语,502
1407,北方民族大学,24,汉语言文学,541
1407,北方民族大学,25,新闻传播学类(新闻学、传播学),515
1407,北方民族大学,29,思想政治教育,528
1407,北方民族大学,30,民族学,522
1407,北方民族大学,91,少数民族预科班,494
0201,北华大学,G4,西班牙语,505
0201,北华大学,G6,日语,500
0201,北华大学,GF,俄语,505
1629,北华航天工业学院,01,经济学,522
1629,北华航天工业学院,03,英语,512
1629,北华航天工业学院,36,会计学,538
1629,北华航天工业学院,39,物流管理,507
1629,北华航天工业学院,40,电子商务,492
1418,北京城市学院,44,工商管理类(工商管理、人力资源管理),466
1418,北京城市学院,45,会计学,493
0001,北京大学,17,文科试验班类(不限选考科目类专业)(中国语言文学类),662
9001,北京大学医学部,08,英语(医学英语),656
0031,北京第二外国语学院,05,商务英语(辅修跨国企业管理相关专业),599
0031,北京第二外国语学院,06,日语(中日人文交流方向),589
0031,北京第二外国语学院,0W,保加利亚语,573
0031,北京第二外国语学院,1H,市场营销(大数据应用方向),577
0031,北京第二外国语学院,1U,外交学(政党外交方向),596
0031,北京第二外国语学院,1V,国际事务与国际关系(国际组织方向),589
0031,北京第二外国语学院,1W,汉语言文学(多语复合),598
0031,北京第二外国语学院,1Y,新闻学(数智新闻与国际传播方向),588
0050,北京电影学院,31,戏剧影视文学(剧作),608
0050,北京电影学院,38,广播电视编导,600
0012,北京服装学院,28,工商管理类(工商管理、市场营销、文化产业管理),539
3904,北京工业大学耿丹学院,W2,财务管理,454
3904,北京工业大学耿丹学院,X5,汉语国际教育,449
0006,北京航空航天大学,17,社会科学试验班,640
0006,北京航空航天大学,18,社会科学试验班(外语交叉学科人才培养试验班),636
0010,北京化工大学,18,工商管理类(新文科经管法)(财务管理、会计学、工商管理、国际经济与贸易、行政管理、公共事业管理、法学),599
0010,北京化工大学,19,法学(卓越实验班),616
0004,北京交通大学,11,文科试验班类(经济管理人才试点班)(工商管理、会计学),619
0004,北京交通大学,13,新闻传播学类(卓越人才拔尖班)(网络与新媒体、国际新闻与传播),615
0004,北京交通大学,14,法学,620
9004,北京交通大学(威海校区),04,工商管理(中外合作办学),574
0008,北京科技大学,0R,工商管理类(数智管理试验班)[工商管理(工商、智能双学士学位)、会计学],617
0008,北京科技大学,0S,社会科学试验班[法学、社会工作(社会管理)、行政管理(社会管理)],609
0008,北京科技大学,0T,外国语言文学类(英语、日语、德语),602
3898,北京科技大学天津学院,0G,国际经济与贸易,472
0007,北京理工大学,0B,社会科学试验班(管理与经济方向)[工商管理(含数字创新管理方向)、工商管理(含AI双学位)、经济学、国际经济与贸易(含数字金融、数字贸易方向)],629
0007,北京理工大学,0C,社会科学试验班(人文社科方向)[法学(含AI双学位)、法学、法学(中国政法大学联合培养)、社会工作、英语、英语(含法学双学位)、日语、德语、德语(含车辆工程双学位)、西班牙语],633
1417,北京联合大学,13,金融学(数智金融实验班),560
1417,北京联合大学,16,法学,576
1417,北京联合大学,1J,网络与新媒体,564
1417,北京联合大学,2U,人力资源管理,559
0022,北京林业大学,17,自然地理与资源环境,594
0022,北京林业大学,23,风景园林,606
0022,北京林业大学,25,园林,586
0022,北京林业大学,29,国际经济与贸易,601
0022,北京林业大学,32,工商管理类(会计学、工商管理、人力资源管理、物业管理),599
0022,北京林业大学,49,英语,597
0022,北京林业大学,51,日语(日英复语),593
0027,北京师范大学,1G,戏剧影视文学,627
0027,北京师范大学,1N,人文科学试验班[哲学、汉语言文学、英语、传播学、汉语言文学(励耘实验班)、哲学(励耘实验班)],645
0027,北京师范大学,1P,历史学类[历史学、历史学(励耘实验班)、考古学],639
0027,北京师范大学,1Q,社会科学试验班[经济学(励耘实验班)、工商管理、金融学、会计学、国际经济与贸易、法学(卓越实验班)、人力资源管理、公共事业管理、社会学],645
0027,北京师范大学,G1,教育学类(教育学、学前教育、特殊教育),638
9027,北京师范大学(珠海校区),0M,人文科学试验班(汉语言文学、英语、历史学),635
0017,北京石油化工学院,10,供应链管理,532
0017,北京石油化工学院,15,旅游管理,531
0043,北京体育大学,10,马克思主义理论,593
0043,北京体育大学,15,汉语国际教育,598
0043,北京体育大学,16,英语,591
0043,北京体育大学,27,新闻学,602
0043,北京体育大学,29,网络与新媒体,608
0043,北京体育大学,33,体育经济与管理,590
0043,北京体育大学,36,旅游管理,584
0043,北京体育大学,H1,休闲体育(中外合作办学),529
0043,北京体育大学,H2,旅游管理(中外合作办学),525
0030,北京外国语大学,05,国际组织与全球治理,622
0030,北京外国语大学,06,汉语言文学,630
0030,北京外国语大学,08,英语,632
0030,北京外国语大学,09,英语(国别与区域研究),630
0030,北京外国语大学,11,英语(中国政法大学联合培养涉外法治人才),636
0030,北京外国语大学,18,西班牙语,630
0030,北京外国语大学,52,外交学(中外合作办学),605
0030,北京外国语大学,AB,俄语,627
0030,北京外国语大学,AC,日语(日本研究),628
0037,北京物资学院,03,审计学,571
0037,北京物资学院,25,会计学(智能会计),571
0037,北京物资学院,26,财务管理,572
0015,北京印刷学院,35,文化产业管理,542
0015,北京印刷学院,65,传播学(国际出版实验班),569
0015,北京印刷学院,72,广告学,552
0013,北京邮电大学,0H,公共事业管理(数智治理实验班),610
0013,北京邮电大学,0M,英语(语言智能实验班),609
0013,北京邮电大学,0N,法学(与中国政法大学联合学位),625
0013,北京邮电大学,0R,网络与新媒体,612
0032,北京语言大学,46,外国语言文学类(英语和翻译)[英语、英语(英西复语)、商务英语、翻译(汉英法多语实验班)],597
0032,北京语言大学,4A,国际政治,599
0032,北京语言大学,4B,网络与新媒体(智能传播),594
0032,北京语言大学,4J,国际事务与国际关系,598
0032,北京语言大学,4P,传播学(梧桐计划人才实验班),605
0032,北京语言大学,4Q,新闻学(国际传播实验班),598
0032,北京语言大学,4R,中国语言文学类(汉语国际教育、古典文献学、汉语言文学),607
0032,北京语言大学,4S,国际经济与贸易(中外合作办学)(国际语言产业管理),526
0026,北京中医药大学,09,针灸推拿学,624
0026,北京中医药大学,15,公共事业管理(卫生管理),601
0026,北京中医药大学,18,法学(医药卫生),612
0026,北京中医药大学,19,英语(医学),598
0026,北京中医药大学,20,英语(中医药国际传播),599
3899,北京中医药大学东方学院,01,中医学,509
3899,北京中医药大学东方学院,02,针灸推拿学,504
3899,北京中医药大学东方学院,14,护理学,485
3899,北京中医药大学东方学院,15,工商管理,456
3899,北京中医药大学东方学院,16,市场营销,456
3899,北京中医药大学东方学院,17,公共事业管理,459
3899,北京中医药大学东方学院,18,健康服务与管理,475
6401,北师香港浸会大学,01,工商管理类(中外合作办学)[财务管理(中外合作办学)、人力资源管理(中外合作办学)、市场营销(中外合作办学)、工商管理(中外合作办学)、文化产业管理(中外合作办学)],551
6401,北师香港浸会大学,02,新闻传播学类(中外合作办学)[广告学(中外合作办学)、传播学(中外合作办学)],547
6401,北师香港浸会大学,05,会计学(中外合作办学),560
6401,北师香港浸会大学,06,经济学(中外合作办学),551
6401,北师香港浸会大学,07,社会学(中外合作办学),544
0440,滨州医学院,1X,健康服务与管理,501
0167,渤海大学,05,会计学,545
0167,渤海大学,06,会计学,499
0167,渤海大学,07,工商管理,513
0167,渤海大学,08,市场营销,502
0167,渤海大学,09,物流管理,509
0167,渤海大学,10,汉语国际教育(师范),523
0167,渤海大学,20,法学,542
0167,渤海大学,21,金融学,521
0167,渤海大学,22,金融学,478
0167,渤海大学,23,经济学,518
0167,渤海大学,28,日语,510
0167,渤海大学,29,法语,510
0167,渤海大学,30,英语(师范),521
0167,渤海大学,31,新闻学,515
0167,渤海大学,32,汉语言文学(师范),544
0167,渤海大学,39,历史学(师范),523
0167,渤海大学,40,思想政治教育(师范),534
0167,渤海大学,41,广播电视编导,485
0167,渤海大学,52,汉语言文学(师范)(辽宁省高校专项计划),556
0167,渤海大学,54,学前教育(师范),500
0167,渤海大学,60,小学教育(师范),525
0167,渤海大学,62,文物与博物馆学,521
0167,渤海大学,91,工商管理,476
0167,渤海大学,95,小学教育(师范)(辽宁省高校专项计划),521
0167,渤海大学,96,学前教育(师范)(辽宁省高校专项计划),504
0167,渤海大学,97,历史学(师范)(辽宁省高校专项计划),523
4202,沧州交通学院,11,工商管理,462
4202,沧州交通学院,12,财务管理,469
4202,沧州交通学院,13,物流管理,459
0105,沧州师范学院,02,思想政治教育(师范),528
0105,沧州师范学院,04,历史学(师范),521
0997,昌吉学院,01,思想政治教育(师范),493
0997,昌吉学院,EJ,汉语言文学(师范),500
0997,昌吉学院,F1,秘书学,480
0997,昌吉学院,HC,财务管理,497
0710,长安大学,13,工商管理类(工商管理、会计学),601
0710,长安大学,35,建筑类(建筑学、城乡规划、风景园林),590
0710,长安大学,51,行政管理,592
0710,长安大学,53,新闻传播学类(新闻学、汉语言文学),599
3603,长春财经学院,01,经济学,448
3603,长春财经学院,04,税收学,466
3603,长春财经学院,05,金融学,455
3603,长春财经学院,09,法学,479
3603,长春财经学院,10,小学教育,459
3603,长春财经学院,11,汉语国际教育,448
3603,长春财经学院,12,英语,457
3603,长春财经学院,13,网络与新媒体,445
3603,长春财经学院,21,会计学,472
3603,长春财经学院,23,人力资源管理,438
3603,长春财经学院,24,审计学,471
3603,长春财经学院,25,物流管理,456
3603,长春财经学院,29,财务管理,469
1726,长春大学,08,汉语言文学,546
1726,长春大学,0D,日语,508
1726,长春大学,0E,西班牙语,527
1726,长春大学,59,物流管理,485
1726,长春大学,60,会计学,514
3623,长春大学旅游学院,1A,旅游管理,439
3623,长春大学旅游学院,1B,酒店管理,440
3623,长春大学旅游学院,2C,会计学,456
3602,长春电子科技学院,24,会计学,451
3602,长春电子科技学院,32,汉语言文学,450
1437,长春工程学院,49,财务管理,518
1437,长春工程学院,51,工商管理,496
1437,长春工程学院,53,英语,490
1437,长春工程学院,BF,边防军人子女预科班,477
0190,长春工业大学,42,工商管理,528
0190,长春工业大学,44,会计学,566
0190,长春工业大学,47,国际经济与贸易,519
0190,长春工业大学,82,广播电视编导,512
0190,长春工业大学,84,网络与新媒体,543
0190,长春工业大学,85,广告学,523
0190,长春工业大学,91,法学,565
0190,长春工业大学,92,公共事业管理,523
0190,长春工业大学,93,社会工作,515
0190,长春工业大学,94,行政管理,530
0190,长春工业大学,B1,英语,515
0190,长春工业大学,B2,俄语,518
0190,长春工业大学,B3,日语,505
0190,长春工业大学,B4,翻译,508
3601,长春工业大学人文信息学院,26,会计学,464
3601,长春工业大学人文信息学院,27,财务管理,455
3601,长春工业大学人文信息学院,32,金融学,452
3601,长春工业大学人文信息学院,36,法学,461
3600,长春光华学院,02,金融学,445
3600,长春光华学院,03,国际经济与贸易,455
3600,长春光华学院,04,工商管理,442
3600,长春光华学院,06,会计学,470
3600,长春光华学院,07,电子商务,437
3600,长春光华学院,08,旅游管理,453
3600,长春光华学院,09,学前教育,437
3600,长春光华学院,10,小学教育,463
3600,长春光华学院,11,应用心理学,456
3600,长春光华学院,14,汉语言文学,469
3600,长春光华学院,15,秘书学,445
3600,长春光华学院,16,新闻学,457
3600,长春光华学院,17,广告学,445
3600,长春光华学院,18,英语,442
3600,长春光华学院,19,俄语,437
3600,长春光华学院,22,商务英语,444
3606,长春科技学院,19,财务管理,451
3606,长春科技学院,26,小学教育,452
0186,长春理工大学,91,少数民族预科班,519
0186,长春理工大学,M1,英语,526
0186,长春理工大学,M2,俄语,503
0186,长春理工大学,M3,日语,506
0186,长春理工大学,M4,朝鲜语,502
0186,长春理工大学,N1,汉语言文学,564
0186,长春理工大学,N2,汉语国际教育,537
0186,长春理工大学,N5,法学,577
0186,长春理工大学,N6,社会工作,523
0186,长春理工大学,T2,工商管理类(工商管理、会计学),555
3662,长春人文学院,14,英语,457
3662,长春人文学院,21,会计学,467
3662,长春人文学院,31,汉语言文学,470
3662,长春人文学院,32,法学,473
0205,长春师范大学,0G,中国少数民族语言文学,482
0205,长春师范大学,1B,朝鲜语(师范),498
0205,长春师范大学,2N,旅游管理(中外合作办学),471
0205,长春师范大学,91,少数民族预科班,507
0489,长江大学,03,汉语言文学(师范类),577
0489,长江大学,04,历史学(师范类),569
0489,长江大学,05,网络与新媒体,544
0489,长江大学,07,日语,536
0489,长江大学,08,经济学类(含荆楚卓越协同育人计划)(国际经济与贸易、经济学、农林经济管理),553
0489,长江大学,09,工商管理类(含荆楚卓越育人计划)(会计学、物流管理、工商管理),557
0489,长江大学,10,法学(含社会治理法、知产法、数字法方向),571
0489,长江大学,11,城乡规划(国土空间规划、绿色建筑),531
3246,长江大学文理学院,01,金融学类(金融学、国际经济与贸易),466
0647,长江师范学院,11,日语(师范),515
0536,长沙理工大学,09,法学,589
0536,长沙理工大学,10,汉语言文学,577
0536,长沙理工大学,11,新闻学,557
0536,长沙理工大学,12,英语,546
0536,长沙理工大学,30,国际经济与贸易,558
0536,长沙理工大学,53,金融学,561
0536,长沙理工大学,68,网络与新媒体,563
3806,长沙师范学院,41,学前教育(师范),485
3806,长沙师范学院,45,汉语言文学(师范),539
1077,长沙学院,26,法学,553
1077,长沙学院,37,公共事业管理,515
0122,长治学院,02,法学,533
0122,长治学院,0B,汉语言文学(师范),522
0122,长治学院,0F,商务英语,483
0122,长治学院,0J,历史学(师范),521
0122,长治学院,13,旅游管理,480
0122,长治学院,14,酒店管理,481
0292,常州大学,7F,社会工作,529
0292,常州大学,8H,日语,531
0171,朝阳师范学院,01,学前教育(师范类),474
0171,朝阳师范学院,02,小学教育(师范类),490
0171,朝阳师范学院,03,汉语言文学(师范类),503
0171,朝阳师范学院,04,英语(师范类),486
1079,成都大学,02,国际经济与贸易,563
1079,成都大学,03,法学,591
1079,成都大学,0E,英语,564
1079,成都大学,1L,工商管理,559
1079,成都大学,1S,酒店管理,550
1079,成都大学,1T,会展经济与管理,558
2636,成都东软学院,0D,电子商务,468
2636,成都东软学院,0E,财务管理,471
2636,成都东软学院,0L,商务英语,464
2636,成都东软学院,0M,英语,463
2636,成都东软学院,0N,日语,468
3903,成都锦城学院,A6,行政管理,480
3903,成都锦城学院,A8,供应链管理,476
3903,成都锦城学院,B2,会计学,487
3903,成都锦城学院,C2,日语,470
3903,成都锦城学院,E5,广播电视编导,466
3668,成都理工大学工程技术学院,29,会计学,474
3668,成都理工大学工程技术学院,33,工商管理,463
3668,成都理工大学工程技术学院,34,电子商务,467
0653,成都体育学院,24,广播电视编导,487
3673,成都外国语学院,02,学前教育,459
3673,成都外国语学院,05,汉语言文学,490
3673,成都外国语学院,06,汉语国际教育,475
3673,成都外国语学院,07,英语,471
3673,成都外国语学院,08,俄语,466
3673,成都外国语学院,09,德语,474
3673,成都外国语学院,0A,法语,470
3673,成都外国语学院,0B,西班牙语,465
3673,成都外国语学院,0D,日语,474
3673,成都外国语学院,0E,朝鲜语,464
3673,成都外国语学院,0L,葡萄牙语,466
3673,成都外国语学院,0N,意大利语,457
3673,成都外国语学院,0Q,商务英语,474
3673,成都外国语学院,0W,健康服务与管理,471
3673,成都外国语学院,0X,物流管理,463
0621,成都信息工程大学,17,市场营销,565
0621,成都信息工程大学,18,会计学,570
0621,成都信息工程大学,19,财务管理,567
0621,成都信息工程大学,1B,旅游管理,524
0621,成都信息工程大学,1F,电子商务,549
0621,成都信息工程大学,1H,中国语言文学类(汉语言文学),555
0633,成都中医药大学,0E,应用心理学,542
0633,成都中医药大学,13,运动康复,584
0138,赤峰学院,M5,思想政治教育(师范),474
0377,滁州学院,02,网络与新媒体,523
0377,滁州学院,31,旅游管理,486
0377,滁州学院,42,工商管理,498
0377,滁州学院,43,市场营销,497
0377,滁州学院,44,国际经济与贸易,499
0377,滁州学院,45,财务管理,517
0377,滁州学院,46,审计学,529
0377,滁州学院,47,英语,495
0377,滁州学院,49,商务英语,488
0377,滁州学院,51,小学教育(师范),504
3590,重庆财经学院,05,金融学,478
3590,重庆财经学院,0M,网络与新媒体,476
0611,重庆大学,92,汉语言文学(博雅类，含中文、历史、哲学专业),627
0611,重庆大学,D8,人文科学试验班(法学新闻类)(法学、新闻学),624
3589,重庆对外经贸学院,07,汉语言文学(师范),496
3589,重庆对外经贸学院,09,英语(师范),473
3589,重庆对外经贸学院,10,日语,466
1799,重庆工商大学,01,经济学,562
1799,重庆工商大学,08,工商管理类(工商管理、人力资源管理、市场营销、国际商务),553
1799,重庆工商大学,58,金融学(中外合作办学),525
1551,重庆科技大学,51,会计学,545
0637,重庆师范大学,52,小学教育(师范),565
0637,重庆师范大学,67,汉语言文学(师范),582
3588,重庆外语外事学院,03,翻译,471
3588,重庆外语外事学院,05,俄语,479
3588,重庆外语外事学院,07,法语,473
3588,重庆外语外事学院,09,德语,463
3588,重庆外语外事学院,17,日语,476
3588,重庆外语外事学院,19,朝鲜语,460
3588,重庆外语外事学院,21,阿拉伯语,458
3627,重庆移通学院,22,市场营销,466
3627,重庆移通学院,23,财务管理,473
3627,重庆移通学院,53,网络与新媒体,471
4830,重庆中医药学院,01,中医学,561
4830,重庆中医药学院,02,针灸推拿学,557
0679,大理大学,06,护理学,515
0679,大理大学,0T,汉语言文学,538
0679,大理大学,0W,汉语国际教育,515
0679,大理大学,10,学前教育(师范),491
0679,大理大学,14,公共管理类(公共事业管理、公共关系学),508
0679,大理大学,16,法学,549
0679,大理大学,17,思想政治教育(师范),537
3218,大连财经学院,1A,会计学,477
3218,大连财经学院,1B,财务管理,468
3218,大连财经学院,1C,审计学,471
3218,大连财经学院,1D,资产评估,448
3218,大连财经学院,2A,财政学,466
3218,大连财经学院,2B,税收学,467
3218,大连财经学院,2C,金融学,458
3218,大连财经学院,2F,投资学,449
3218,大连财经学院,3A,国际经济与贸易,448
3218,大连财经学院,3B,商务英语,459
3218,大连财经学院,3C,市场营销,448
3218,大连财经学院,3D,跨境电子商务,454
3218,大连财经学院,4C,人力资源管理,454
3218,大连财经学院,4D,劳动与社会保障,449
3218,大连财经学院,4E,物流管理,446
3218,大连财经学院,4F,供应链管理,451
3218,大连财经学院,5A,法学,476
3218,大连财经学院,5B,汉语言,471
3218,大连财经学院,5C,网络与新媒体,464
3218,大连财经学院,5D,信用风险管理与法律防控,461
3218,大连财经学院,6C,互联网金融,456
3218,大连财经学院,6E,电子商务,448
1258,大连大学,01,金融学,544
1258,大连大学,03,国际经济与贸易,530
1258,大连大学,04,法学,557
1258,大连大学,05,小学教育(师范类),534
1258,大连大学,09,汉语言文学,555
1258,大连大学,10,汉语国际教育,536
1258,大连大学,11,英语,531
1258,大连大学,12,日语,511
1258,大连大学,14,历史学,539
1258,大连大学,42,护理学,439
1258,大连大学,50,旅游管理,514
1258,大连大学,51,酒店管理,505
1258,大连大学,64,工商管理,532
1258,大连大学,65,市场营销,523
1258,大连大学,66,会计学,556
1258,大连大学,ZU,会计学(中外合作办学),505
1258,大连大学,ZV,旅游管理(中外合作办学),473
3631,大连东软信息学院,W1,财务管理,466
3631,大连东软信息学院,W2,人力资源管理,458
3631,大连东软信息学院,W3,电子商务,460
3631,大连东软信息学院,W6,英语,443
3631,大连东软信息学院,W7,日语,437
3631,大连东软信息学院,W9,医疗产品管理,453
3631,大连东软信息学院,WC,健康服务与管理,458
3631,大连东软信息学院,WE,供应链管理,456
0152,大连工业大学,28,工商管理,513
0152,大连工业大学,29,工商管理(本科学术互认课程项目),477
0152,大连工业大学,30,人力资源管理,514
0152,大连工业大学,31,物流管理,506
0152,大连工业大学,32,英语,515
0152,大连工业大学,33,日语,501
0152,大连工业大学,34,服装设计与工程,506
0152,大连工业大学,35,风景园林,505
0152,大连工业大学,36,非物质文化遗产保护,507
0151,大连海事大学,06,工商管理类(工商管理、财务管理),599
0151,大连海事大学,07,经济学类(经济学、国际经济与贸易),598
0151,大连海事大学,12,海事管理,609
0151,大连海事大学,19,法学,622
0151,大连海事大学,20,英语,600
0151,大连海事大学,26,交通管理,612
0151,大连海事大学,Z4,法学(中外合作办学),606
0158,大连海洋大学,A3,英语,508
0158,大连海洋大学,A4,日语,498
0158,大连海洋大学,A5,市场营销,503
0158,大连海洋大学,A6,会计学,541
0158,大连海洋大学,A7,农林经济管理,508
0158,大连海洋大学,A8,法学,546
0158,大连海洋大学,B1,人力资源管理,506
0158,大连海洋大学,B2,经济与金融,510
0158,大连海洋大学,F5,翻译,503
0158,大连海洋大学,F6,社会政策,501
0150,大连交通大学,33,会计学,574
0150,大连交通大学,34,工商管理,547
0150,大连交通大学,35,物流管理,538
0150,大连交通大学,45,会计学(中外合作办学),509
3207,大连科技学院,20,会计学,451
3207,大连科技学院,21,审计学,454
3207,大连科技学院,22,物流管理,438
3207,大连科技学院,23,工商管理,446
3207,大连科技学院,24,劳动与社会保障,437
3207,大连科技学院,25,社会工作,437
3207,大连科技学院,26,英语,451
3207,大连科技学院,27,日语,437
0141,大连理工大学,01,新闻传播学类(广播电视学、汉语言文学),615
0141,大连理工大学,03,英语,609
0141,大连理工大学,04,日语,608
0141,大连理工大学,44,建筑类(建筑学、城乡规划),602
0141,大连理工大学,99,公共事业管理,614
0141,大连理工大学,A0,哲学类(哲学),612
3198,大连理工大学城市学院,3C,工商管理,455
3198,大连理工大学城市学院,3D,市场营销,441
3198,大连理工大学城市学院,3F,物流管理,438
3198,大连理工大学城市学院,3G,跨境电子商务,455
3198,大连理工大学城市学院,5A,英语,441
3198,大连理工大学城市学院,5B,日语,440
3198,大连理工大学城市学院,6A,广播电视学,442
3198,大连理工大学城市学院,6C,网络与新媒体,462
2026,大连民族大学,01,经济学,552
2026,大连民族大学,03,工商管理(新文科实验班),538
2026,大连民族大学,04,行政管理,548
2026,大连民族大学,05,人力资源管理,537
2026,大连民族大学,17,英语,549
2026,大连民族大学,18,日语,531
2026,大连民族大学,19,朝鲜语,524
2026,大连民族大学,29,汉语言文学,553
2026,大连民族大学,30,法学(新文科实验班),565
2026,大连民族大学,31,新闻学(新文科实验班),540
2026,大连民族大学,37,国际经济与贸易(新文科实验班),537
2026,大连民族大学,38,会计学(新文科实验班),561
2026,大连民族大学,91,少数民族预科班,517
0172,大连外国语大学,0A,日语,522
0172,大连外国语大学,0B,英语,545
0172,大连外国语大学,0C,翻译,521
0172,大连外国语大学,0D,商务英语,541
0172,大连外国语大学,0E,俄语,527
0172,大连外国语大学,0F,意大利语,519
0172,大连外国语大学,0G,阿拉伯语,511
0172,大连外国语大学,0H,法语,526
0172,大连外国语大学,0J,德语,520
0172,大连外国语大学,0K,西班牙语,556
0172,大连外国语大学,0L,葡萄牙语,521
0172,大连外国语大学,0M,朝鲜语,511
0172,大连外国语大学,0Q,泰语,507
0172,大连外国语大学,0S,西班牙语(中外合作办学),499
0172,大连外国语大学,0V,印度尼西亚语,507
0172,大连外国语大学,0W,波兰语,511
0172,大连外国语大学,1A,国际事务与国际关系,536
0172,大连外国语大学,1B,国际经济与贸易,543
0172,大连外国语大学,1C,财务管理,560
0172,大连外国语大学,1D,旅游管理,513
0172,大连外国语大学,1G,汉语国际教育,543
0172,大连外国语大学,1H,汉语言文学,571
0172,大连外国语大学,1J,新闻学,549
0172,大连外国语大学,1L,经济学,551
0172,大连外国语大学,1M,外交学,530
0172,大连外国语大学,1N,国际新闻与传播,529
0172,大连外国语大学,1P,跨境电子商务,527
0172,大连外国语大学,AB,日语(辽宁省高校专项计划),497
0172,大连外国语大学,AC,英语(辽宁省高校专项计划),515
0161,大连医科大学,28,法学,570
3212,大连医科大学中山学院,06,运动康复,463
3212,大连医科大学中山学院,0D,公共事业管理,442
3212,大连医科大学中山学院,0E,劳动与社会保障,437
3212,大连医科大学中山学院,0F,健康服务与管理,450
3212,大连医科大学中山学院,0R,应用心理学,443
3599,大连艺术学院,T1,艺术教育,437
3599,大连艺术学院,T2,日语,437
3599,大连艺术学院,T3,网络与新媒体,442
3599,大连艺术学院,T6,文化产业管理,437
3599,大连艺术学院,T7,电子商务,440
3599,大连艺术学院,T8,跨境电子商务,459
3599,大连艺术学院,T9,旅游管理,470
0235,大庆师范学院,04,经济与金融,488
0235,大庆师范学院,0J,学前教育(师范),487
0235,大庆师范学院,0X,俄语(师范),487
0235,大庆师范学院,0Y,俄语,480
0235,大庆师范学院,0Z,日语,485
0235,大庆师范学院,10,汉语言文学(师范),524
0448,德州学院,0N,俄语,483
3326,滇池学院,04,国际经济与贸易,461
3326,滇池学院,05,会计学,457
3326,滇池学院,12,汉语国际教育,459
3326,滇池学院,13,新闻传播学类(新闻学、广播电视学、广告学),450
3326,滇池学院,14,英语,450
3326,滇池学院,28,城乡规划,446
4623,滇西应用技术大学,04,跨境电子商务,506
4623,滇西应用技术大学,06,会计学,518
4623,滇西应用技术大学,47,体育经济与管理,473
4623,滇西应用技术大学,61,全媒体电商运营,479
0614,电子科技大学,L1,社会科学试验班(公共管理与法律复合人才培养)(行政管理、城市管理、法学),617
0614,电子科技大学,L2,外国语言文学类(英语、日语、法语),610
3665,电子科技大学成都学院,04,英语,465
3665,电子科技大学成都学院,14,人力资源管理,464
3665,电子科技大学成都学院,17,电子商务,466
0173,东北财经大学,01,经济学,602
0173,东北财经大学,05,财政学类(财政学、税收学),595
0173,东北财经大学,08,金融学类(金融学、投资学),588
0173,东北财经大学,11,保险学,585
0173,东北财经大学,15,国际经济与贸易,582
0173,东北财经大学,17,法学,602
0173,东北财经大学,20,新闻传播学类(新闻学、广告学),580
0173,东北财经大学,36,工商管理,583
0173,东北财经大学,38,人力资源管理,576
0173,东北财经大学,41,会计学(注册会计师方向),612
0173,东北财经大学,42,会计学(国际会计方向),607
0173,东北财经大学,44,财务管理,604
0173,东北财经大学,45,审计学,606
0173,东北财经大学,46,资产评估,598
0173,东北财经大学,59,金融学(国际商学院专业),567
0173,东北财经大学,60,会计学(国际商学院专业),579
0173,东北财经大学,61,工商管理(中外合作办学),555
0173,东北财经大学,62,财务管理(中外合作办学),556
0173,东北财经大学,65,经济学(中外合作办学),559
0173,东北财经大学,66,金融学(中外合作办学),560
0173,东北财经大学,67,会计学(中外合作办学),573
0173,东北财经大学,68,会计学(中外合作办学),570
0173,东北财经大学,AB,财政学类(财政学、税收学)(辽宁省高校专项计划),591
0173,东北财经大学,AC,金融学类(金融学、投资学)(辽宁省高校专项计划),579
0173,东北财经大学,AD,国际经济与贸易(辽宁省高校专项计划),566
0173,东北财经大学,AE,法学(辽宁省高校专项计划),601
0173,东北财经大学,AF,新闻传播学类(新闻学、广告学)(辽宁省高校专项计划),559
0173,东北财经大学,AG,人力资源管理(辽宁省高校专项计划),563
0173,东北财经大学,AH,资产评估(辽宁省高校专项计划),579
0145,东北大学,AB,公共管理类(法学、公共事业管理、行政管理、土地资源管理),614
0145,东北大学,AC,人文科学试验班(思想政治教育、哲学),615
0145,东北大学,AD,外国语言文学类(英语、日语、俄语、德语),606
9145,东北大学秦皇岛分校,01,经济学类(经济学、金融学、国际经济与贸易),611
9145,东北大学秦皇岛分校,02,工商管理类(工商管理、会计学、健康服务与管理),600
9145,东北大学秦皇岛分校,03,外国语言文学类(英语、日语),594
9145,东北大学秦皇岛分校,0H,民族学,596
0188,东北电力大学,98,日语,514
0188,东北电力大学,C4,广播电视编导,525
0225,东北林业大学,25,风景园林,575
0225,东北林业大学,38,工商管理类(工商管理、市场营销、会计学、农林经济管理),575
0225,东北林业大学,40,法学,604
0225,东北林业大学,41,政治学与行政学,581
0225,东北林业大学,42,社会工作,574
0225,东北林业大学,43,广告学,573
0225,东北林业大学,44,英语,579
0225,东北林业大学,45,俄语,572
0225,东北林业大学,46,日语,572
0225,东北林业大学,47,马克思主义理论,592
0224,东北农业大学,27,金融学类(金融学、保险学、国际经济与贸易),576
0224,东北农业大学,28,工商管理类(工商管理、会计学、市场营销、人力资源管理),579
0224,东北农业大学,29,农林经济管理,575
0224,东北农业大学,36,法学,597
0224,东北农业大学,49,俄语,568
0224,东北农业大学,52,汉语国际教育,575
0224,东北农业大学,59,工商管理(中美双学位),535
0224,东北农业大学,76,金融学(中外合作办学)(中俄合作办学),552
0224,东北农业大学,77,国际经济与贸易(中外合作办学)(中俄合作办学),553
0224,东北农业大学,78,工商管理(中外合作办学)(中俄合作办学),546
0200,东北师范大学,41,广播电视编导,574
0200,东北师范大学,91,商务英语(少数民族预科班),594
0200,东北师范大学,B3,汉语言文学(师范),636
0200,东北师范大学,B5,英语(师范),624
0200,东北师范大学,B6,日语(师范),603
0200,东北师范大学,C3,经济学类(金融学、会计学、人力资源管理、经济学、市场营销),605
0200,东北师范大学,E5,历史学(日知试验班)(师范),621
0200,东北师范大学,G1,会计学(中外合作办学),589
0200,东北师范大学,G4,金融学(中外合作办学),564
0200,东北师范大学,G5,物流管理(中外合作办学),543
0220,东北石油大学,18,工商管理,562
0220,东北石油大学,22,国际经济与贸易,547
0220,东北石油大学,25,汉语言文学,557
0220,东北石油大学,26,行政管理,558
0220,东北石油大学,31,会计学,565
0220,东北石油大学,44,社会工作,548
0255,东华大学,18,经济与贸易类(国际经济与贸易、金融学),602
0255,东华大学,19,经济管理试验班(市场营销、财务管理、会计学、工商管理),604
0255,东华大学,31,新闻传播学类(传播学、公共关系学),598
0255,东华大学,32,社会科学试验班(法学、行政管理),610
0255,东华大学,37,英语,599
0286,东南大学,18,文科试验班类(郭秉文班)(法学、艺术史论、哲学、汉语言文学、社会学),629
0286,东南大学,26,劳动与社会保障,625
2689,东南大学成贤学院,36,会计学,503
2689,东南大学成贤学院,38,税收学,481
2689,东南大学成贤学院,40,供应链管理,476
3844,东莞城市学院,14,网络与新媒体,437
3844,东莞城市学院,15,汉语言文学,440
3844,东莞城市学院,41,国际经济与贸易,460
3844,东莞城市学院,46,跨境电子商务,439
0036,对外经济贸易大学,01,金融学类[金融学、金融学(国际金融与市场)、经济与金融、投资学、保险学],629
0036,对外经济贸易大学,02,经济学类(分流时专业任选)(国际经济与贸易、财政学、税收学),632
0036,对外经济贸易大学,04,国际经济与贸易(国际组织人才基地班),638
0036,对外经济贸易大学,11,工商管理类(项目选拔进入，分流时专业任选)[会计学、财务管理、人力资源管理、市场营销、工商管理、会计学(北邮计算机联合学士学位培养项目)、会计学(北邮金科联合学士学位培养项目)],632
0036,对外经济贸易大学,13,法学类[法学、法学(大数据双学士学位项目)、法学(涉外型卓越经贸法律人才实验班)],638
0036,对外经济贸易大学,28,保险学(全部进入法学双学士学位项目),632
1775,防灾科技学院,0W,网络与新媒体,528
1775,防灾科技学院,0Y,广告学,505
3763,福建江夏学院,43,金融学,476
3763,福建江夏学院,44,国际经济与贸易,476
1313,福建商学院,BF,边防军人子女预科班,433
0394,福建师范大学,13,日语,541
0394,福建师范大学,SF,地理科学(师范),586
0394,福建师范大学,SM,汉语言文学(师范),589
0386,福州大学,41,日语,574
3470,福州大学至诚学院,04,财务管理,467
3470,福州大学至诚学院,26,英语,461
3762,福州外语外贸学院,0B,会计学,461
3762,福州外语外贸学院,0C,财务管理,469
3762,福州外语外贸学院,0G,金融学,440
3762,福州外语外贸学院,17,小学教育(师范),451
0246,复旦大学,02,人文科学试验班(中国语言文学类、历史学类、哲学类、文物与博物馆学),655
0246,复旦大学,09,新闻学(望道新闻卓越班),655
0246,复旦大学,18,经济学类(数理经济拔尖班)[经济学(数理经济方向)],659
1561,甘肃民族师范学院,1L,思想政治教育(师范),504
1561,甘肃民族师范学院,2N,英语(师范),489
1561,甘肃民族师范学院,3F,小学教育(师范),490
1406,甘肃政法大学,01,金融学(数智金融方向),512
1406,甘肃政法大学,31,人力资源管理,534
1406,甘肃政法大学,3A,法学,584
1406,甘肃政法大学,FZ,法学(边疆治理方向),576
3432,赣东学院,61,英语,484
3434,赣南科技学院,C1,金融学,490
3434,赣南科技学院,C2,国际经济与贸易,494
3434,赣南科技学院,C5,电子商务,484
0418,赣南师范大学,03,汉语言文学(师范),557
0418,赣南师范大学,18,历史学(非师范),554
0418,赣南师范大学,23,地理科学(师范),563
0418,赣南师范大学,28,会计学,546
0592,广东财经大学,B1,法学,599
1540,广东金融学院,01,金融学,559
1540,广东金融学院,05,会计学,569
1540,广东金融学院,30,法学,564
3720,广东理工学院,01,国际经济与贸易,437
3720,广东理工学院,13,会计学,468
3720,广东理工学院,15,商务英语,437
0833,广东轻工职业技术大学,2M,现代物流管理,477
2620,广东外语外贸大学南国商学院,01,英语,455
2620,广东外语外贸大学南国商学院,15,会计学,478
2620,广东外语外贸大学南国商学院,21,汉语言文学,457
1548,广西财经学院,03,经济学,497
1546,广西科技师范学院,06,汉语言文学(师范),511
1546,广西科技师范学院,34,财务管理,499
0608,广西民族大学,03,行政管理,484
0608,广西民族大学,08,金融学(中澳学分互认联合培养),504
0608,广西民族大学,0A,法学,545
0608,广西民族大学,0L,汉语言文学,550
0608,广西民族大学,3F,广播电视编导,529
0608,广西民族大学,4C,翻译(中澳学分互认联合培养),455
0608,广西民族大学,4G,国际经济与贸易(中澳学分互认联合培养),445
0602,广西师范大学,03,汉语国际教育(师范),543
0602,广西师范大学,05,网络与新媒体,501
0602,广西师范大学,16,劳动与社会保障,490
0602,广西师范大学,32,朝鲜语,481
3830,广西外国语学院,01,英语,443
3830,广西外国语学院,06,泰语,437
3830,广西外国语学院,0G,汉语国际教育,437
3830,广西外国语学院,0H,汉语言文学,449
3830,广西外国语学院,0U,市场营销,444
3830,广西外国语学院,0Z,健康服务与管理,438
3830,广西外国语学院,10,财务管理,457
3830,广西外国语学院,28,德语,437
0598,广西医科大学,49,公共事业管理(中外合作办学)(社会医疗保障方向),473
2617,广州城市理工学院,30,工商管理,447
2617,广州城市理工学院,31,人力资源管理,445
2617,广州城市理工学院,32,市场营销,437
2617,广州城市理工学院,35,电子商务,461
2617,广州城市理工学院,37,供应链管理,443
2617,广州城市理工学院,43,国际经济与贸易(双语特色班),453
2617,广州城市理工学院,45,会计学(注册会计师双语班),466
2617,广州城市理工学院,47,英语,437
2617,广州城市理工学院,48,商务英语,464
2617,广州城市理工学院,49,日语,437
1078,广州大学,03,金融学,561
1078,广州大学,37,社会学,561
1078,广州大学,38,行政管理(智慧治理),565
3714,广州工商学院,63,学前教育,437
3714,广州工商学院,64,日语,439
3714,广州工商学院,65,工商管理,437
3714,广州工商学院,66,会计学,438
2668,广州理工学院,23,电子商务,469
2668,广州理工学院,27,会计学,469
2668,广州理工学院,31,英语,437
2668,广州理工学院,34,汉语言文学,452
2668,广州理工学院,35,小学教育,441
2619,广州南方学院,24,工商管理,437
2619,广州南方学院,29,英语,437
2619,广州南方学院,30,法语,437
3667,广州商学院,1J,金融学(中英双语创新班),461
3667,广州商学院,1L,国际商务(中英双语创新班),448
3667,广州商学院,1M,商务英语(中英双语创新班),437
3902,广州新华学院,01,汉语言文学,457
3902,广州新华学院,02,法学,463
3902,广州新华学院,13,审计学,440
0671,贵州财经大学,42,法学,553
0657,贵州大学,9V,法学,602
0657,贵州大学,A2,历史学,582
0668,贵州工程应用技术学院,0V,财务管理,489
3648,贵州黔南经济学院,09,汉语言文学,452
0662,贵州中医药大学,03,中医学,565
0662,贵州中医药大学,0L,健康服务与管理,504
0595,桂林电子科技大学,02,日语,507
0595,桂林电子科技大学,07,法学,546
0595,桂林电子科技大学,BF,边防军人子女预科班,501
1837,桂林旅游学院,06,英语,482
3644,桂林信息科技学院,36,英语(对外汉语),443
0601,桂林医科大学,35,市场营销(中澳联合培养),472
0217,哈尔滨工程大学,05,工商管理,592
0213,哈尔滨工业大学,19,经济管理试验班(工商管理、会计学、建筑学、城乡规划),628
8213,哈尔滨工业大学(深圳),04,经济管理试验班(会计学),628
8213,哈尔滨工业大学(深圳),05,建筑类(建筑学、城乡规划、数字媒体艺术),613
9213,哈尔滨工业大学(威海),07,经济管理试验班(会计学),617
3306,哈尔滨广厦学院,04,汉语言文学,437
3306,哈尔滨广厦学院,05,应用心理学,455
3306,哈尔滨广厦学院,11,会计学,454
3306,哈尔滨广厦学院,12,财务管理,453
0245,哈尔滨金融学院,01,金融学,541
0245,哈尔滨金融学院,03,信用管理,490
0245,哈尔滨金融学院,06,会计学,556
0245,哈尔滨金融学院,07,审计学,554
0245,哈尔滨金融学院,13,市场营销,489
0245,哈尔滨金融学院,16,保险学,489
0245,哈尔滨金融学院,18,商务英语,496
0214,哈尔滨理工大学,34,英语,519
0214,哈尔滨理工大学,35,日语,514
0214,哈尔滨理工大学,36,俄语,513
0240,哈尔滨商业大学,04,国际经济与贸易,549
0240,哈尔滨商业大学,12,税收学,562
0240,哈尔滨商业大学,13,行政管理,531
0240,哈尔滨商业大学,18,人力资源管理,545
0240,哈尔滨商业大学,24,会计学,573
0240,哈尔滨商业大学,52,法学,573
0240,哈尔滨商业大学,56,商务英语,532
0240,哈尔滨商业大学,61,新闻学,534
0231,哈尔滨师范大学,73,日语(师范类),554
0231,哈尔滨师范大学,79,学前教育(师范),540
0231,哈尔滨师范大学,7J,英语(师范),577
0231,哈尔滨师范大学,7L,小学教育(师范),564
0231,哈尔滨师范大学,7N,历史学(师范),569
0231,哈尔滨师范大学,7Q,思想政治教育(师范),576
0231,哈尔滨师范大学,7T,汉语言文学(师范),586
0231,哈尔滨师范大学,83,物流管理,523
0231,哈尔滨师范大学,85,法学,570
0231,哈尔滨师范大学,8C,法语,500
0231,哈尔滨师范大学,8D,西班牙语,498
0231,哈尔滨师范大学,8J,日语(非师范),508
3299,哈尔滨石油学院,32,财务管理,450
3299,哈尔滨石油学院,34,英语,449
3299,哈尔滨石油学院,35,俄语,447
3299,哈尔滨石油学院,36,学前教育(师范),442
1635,哈尔滨信息工程学院,11,财务管理,439
0234,哈尔滨学院,1A,学前教育(师范),496
0234,哈尔滨学院,1B,小学教育(师范),515
0234,哈尔滨学院,1C,网络与新媒体,515
0234,哈尔滨学院,1D,社会工作,507
0234,哈尔滨学院,1E,汉语言文学(师范),538
0234,哈尔滨学院,1F,法学,538
0234,哈尔滨学院,1G,汉语国际教育,517
0234,哈尔滨学院,1J,商务英语,497
0234,哈尔滨学院,1K,俄语,485
0234,哈尔滨学院,1L,财务管理,528
0234,哈尔滨学院,1M,金融学,510
0234,哈尔滨学院,1N,商务经济学,501
0234,哈尔滨学院,1P,会计学,533
0234,哈尔滨学院,1Q,地理信息科学,502
0226,哈尔滨医科大学,01,护理学,573
0226,哈尔滨医科大学,0K,法学,569
0226,哈尔滨医科大学,0L,公共事业管理,541
0226,哈尔滨医科大学,0Y,护理学,552
3301,哈尔滨远东理工学院,09,会计学,460
3301,哈尔滨远东理工学院,0B,汉语言文学,464
2308,海口经济学院,14,艺术教育,437
2308,海口经济学院,1R,人力资源管理(薪酬绩效设计师),446
2308,海口经济学院,1W,外国语言文学类[日语(商务方向)、朝鲜语(商务方向)],437
0589,海南大学,1J,会计学,601
0589,海南大学,1T,汉语言文学,601
0589,海南大学,1U,法学,607
0589,海南大学,20,国际新闻与传播,583
0589,海南大学,2S,酒店管理(中外合作办学),540
4172,海南科技职业大学,2F,健康管理,437
4172,海南科技职业大学,2K,企业数字化管理,437
1100,海南热带海洋学院,03,汉语言文学,515
1100,海南热带海洋学院,06,俄语,475
1100,海南热带海洋学院,07,新闻学,496
1100,海南热带海洋学院,08,市场营销,482
1100,海南热带海洋学院,12,旅游管理,493
1100,海南热带海洋学院,20,旅游管理(中外合作办学),460
1658,海南师范大学,03,小学教育(中文与社会方向)(师范),534
1658,海南师范大学,05,教育学类(教育学、学前教育、特殊教育)(师范),439
1658,海南师范大学,08,汉语言文学(师范),570
1658,海南师范大学,13,英语(师范),555
1658,海南师范大学,16,历史学(师范),550
1658,海南师范大学,29,新闻学,511
0103,邯郸学院,98,汉语言文学,511
0578,韩山师范学院,15,人力资源管理,487
0578,韩山师范学院,26,档案学,489
0336,杭州电子科技大学,28,金融学,573
0336,杭州电子科技大学,31,英语,566
0336,杭州电子科技大学,32,传播学,567
9359,合肥工业大学(宣城校区),0A,网络与新媒体,573
0075,河北大学,01,中国语言文学类(汉语言文学、汉语国际教育、古典文献学),573
0075,河北大学,08,新闻传播学类(新闻学、编辑出版学),564
0075,河北大学,12,广告学,552
0075,河北大学,16,金融学,561
0075,河北大学,18,国际经济与贸易,553
0075,河北大学,22,人力资源管理,548
0075,河北大学,25,图书馆学,558
0075,河北大学,29,会计学,578
0075,河北大学,31,英语,549
0075,河北大学,33,法语,541
0077,河北地质大学,0J,经济学类(经济学、金融学),542
0077,河北地质大学,0M,工商管理类(会计学、审计学),549
0077,河北地质大学,0V,公共管理类(行政管理、劳动与社会保障),528
0077,河北地质大学,0Y,英语,520
0077,河北地质大学,1D,金融学(中外合作办学),482
3594,河北地质大学华信学院,01,金融学类,462
3594,河北地质大学华信学院,02,国际经济与贸易,458
3594,河北地质大学华信学院,03,法学,473
3594,河北地质大学华信学院,04,英语,461
3594,河北地质大学华信学院,05,广告学,461
3594,河北地质大学华信学院,06,网络与新媒体,461
3594,河北地质大学华信学院,0G,工商管理类,467
3594,河北地质大学华信学院,0K,电子商务,456
4225,河北东方学院,02,经济与金融,467
4225,河北东方学院,03,国际经济与贸易,467
4225,河北东方学院,06,英语,466
4225,河北东方学院,07,网络与新媒体,469
4225,河北东方学院,08,文物与博物馆学,494
4225,河北东方学院,09,文化遗产,468
4225,河北东方学院,20,财务管理,472
4225,河北东方学院,21,审计学,473
4225,河北东方学院,22,资产评估,468
0076,河北工程大学,1E,建筑学,487
0076,河北工程大学,1F,城乡规划,482
0076,河北工程大学,1G,风景园林,481
3578,河北工程大学科信学院,01,国际经济与贸易,472
3578,河北工程大学科信学院,02,英语,476
3578,河北工程大学科信学院,0N,会计学,494
0080,河北工业大学,1B,日语,577
0080,河北工业大学,1M,思想政治教育,589
0080,河北工业大学,36,公共事业管理,581
6204,河北工业职业技术大学,30,电子商务,479
D721,河北环境工程学院,16,物流管理,482
D721,河北环境工程学院,22,新闻学,490
D721,河北环境工程学院,23,旅游管理与服务教育,479
1420,河北金融学院,0Q,保险学,481
1420,河北金融学院,10,知识产权,525
1832,河北经贸大学,01,经济学,550
1832,河北经贸大学,04,贸易经济,532
1832,河北经贸大学,06,保险学,518
1832,河北经贸大学,12,会计学,573
1832,河北经贸大学,15,工商管理,542
1832,河北经贸大学,18,行政管理,530
1832,河北经贸大学,29,法学,587
1832,河北经贸大学,30,汉语言文学,559
1832,河北经贸大学,35,商务英语,518
3414,河北经贸大学经济管理学院,21,会计学,486
6203,河北科技工程职业技术大学,0Y,服装工程技术,475
6203,河北科技工程职业技术大学,17,现代物流管理,487
0798,河北科技师范学院,46,法学,532
0798,河北科技师范学院,48,汉语言文学(师范),537
3391,河北科技学院,03,小学教育,453
3391,河北科技学院,0E,广播电视编导,446
3391,河北科技学院,0Q,物流管理,446
3391,河北科技学院,0V,护理学,467
0098,河北民族师范学院,01,经济与金融,492
0098,河北民族师范学院,0F,新闻学,491
0098,河北民族师范学院,0H,历史学(师范),512
0098,河北民族师范学院,1D,民族学,481
0094,河北师范大学,29,俄语,517
0094,河北师范大学,31,翻译,527
0094,河北师范大学,38,广告学,509
6202,河北石油职业技术大学,2B,大数据与会计,493
6202,河北石油职业技术大学,2D,酒店管理,477
3402,河北外国语学院,05,英语,465
3402,河北外国语学院,06,翻译,462
3402,河北外国语学院,08,德语,437
3402,河北外国语学院,11,俄语,468
0089,河北医科大学,0U,护理学,537
3415,河北医科大学临床学院,07,护理学,495
0294,河海大学,Q4,会计学(智能会计培优班),617
0294,河海大学,Q6,人力资源管理,595
0294,河海大学,T1,英语(全球胜任力与国际水生态文明创新班),596
0484,河南财经政法大学,04,经济学,558
0484,河南财经政法大学,05,金融学,552
0484,河南财经政法大学,12,财政学类(财政学、税收学),582
0484,河南财经政法大学,22,会计学,585
0484,河南财经政法大学,31,公共管理类(行政管理、劳动与社会保障),552
0484,河南财经政法大学,32,法学,593
0484,河南财经政法大学,35,汉语言文学,568
1652,河南财政金融学院,01,财政学,526
1652,河南财政金融学院,07,会计学,536
1765,河南城建学院,47,英语,479
0475,河南大学,0G,中国语言文学类(汉语言文学、汉语国际教育)(师范),594
0475,河南大学,0J,新闻传播学类(新闻学、编辑出版学、广告学、网络与新媒体),574
0475,河南大学,0M,俄语,551
0475,河南大学,0S,旅游管理类(旅游管理、文化产业管理),556
0475,河南大学,0U,公共管理类(行政管理、劳动与社会保障),560
0475,河南大学,0X,经济学类(经济学、金融学、财政学),576
0475,河南大学,5L,国际经济与贸易(中外合作办学),555
1517,河南工程学院,02,国际经济与贸易,494
1517,河南工程学院,03,英语,501
1517,河南工程学院,10,会计学,526
0463,河南工业大学,11,法学,575
0463,河南工业大学,16,工商管理,544
0463,河南工业大学,18,国际经济与贸易,531
0463,河南工业大学,22,会计学,566
0463,河南工业大学,29,金融学,537
0463,河南工业大学,50,网络与新媒体,541
0463,河南工业大学,54,新闻学,545
0463,河南工业大学,55,英语,550
3501,河南开封科技传媒学院,22,经济学,472
3501,河南开封科技传媒学院,29,财务管理,480
0464,河南科技大学,53,汉语国际教育,550
0464,河南科技大学,54,汉语言文学,555
0464,河南科技大学,55,法学,576
0464,河南科技大学,69,金融学,550
0467,河南科技学院,2D,汉语言文学(师范),528
0467,河南科技学院,58,商务英语,485
0476,河南师范大学,0P,日语,505
0476,河南师范大学,1C,历史学(师范),556
0472,河南医药大学,32,英语,483
0472,河南医药大学,34,健康服务与管理,493
0472,河南医药大学,35,公共事业管理,487
0471,河南中医药大学,0F,针灸推拿学,568
0471,河南中医药大学,0G,护理学,547
0740,河西学院,03,法学,520
0740,河西学院,04,社会工作,479
0740,河西学院,15,汉语国际教育(师范),488
0740,河西学院,16,英语(师范),485
0740,河西学院,17,俄语,477
3744,黑河学院,17,法学,529
3744,黑河学院,21,小学教育(师范类),498
3744,黑河学院,26,俄语(师范类),483
0223,黑龙江八一农垦大学,D1,会计学,531
0223,黑龙江八一农垦大学,F2,社会工作,490
0223,黑龙江八一农垦大学,F3,英语,504
3298,黑龙江财经学院,02,金融学,459
3298,黑龙江财经学院,04,保险学,450
3298,黑龙江财经学院,06,互联网金融,437
3298,黑龙江财经学院,07,国际经济与贸易,448
3298,黑龙江财经学院,08,法学,508
3298,黑龙江财经学院,09,汉语言文学,471
3298,黑龙江财经学院,10,英语,464
3298,黑龙江财经学院,12,广告学,437
3298,黑龙江财经学院,16,工商管理,440
3298,黑龙江财经学院,17,市场营销,437
3298,黑龙江财经学院,18,会计学,475
3298,黑龙江财经学院,19,财务管理,474
3298,黑龙江财经学院,20,国际商务,457
3298,黑龙江财经学院,21,人力资源管理,437
3298,黑龙江财经学院,22,审计学,485
3298,黑龙江财经学院,23,资产评估,444
3298,黑龙江财经学院,24,物流管理,452
3298,黑龙江财经学院,25,电子商务,453
3298,黑龙江财经学院,26,旅游管理,445
3298,黑龙江财经学院,27,会展经济与管理,437
0212,黑龙江大学,01,哲学,573
0212,黑龙江大学,02,经济学,564
0212,黑龙江大学,05,法学,597
0212,黑龙江大学,09,教育学,542
0212,黑龙江大学,30,考古学,560
0212,黑龙江大学,74,行政管理,554
0212,黑龙江大学,91,法学,592
0212,黑龙江大学,F4,中国少数民族语言文学,545
1446,黑龙江东方学院,32,财务管理,458
1446,黑龙江东方学院,41,日语,443
1802,黑龙江工程学院,07,会计学,525
1802,黑龙江工程学院,21,市场营销,485
1802,黑龙江工程学院,36,俄语,495
1802,黑龙江工程学院,37,社会工作,491
1445,黑龙江工业学院,11,中国共产党历史,499
1445,黑龙江工业学院,13,秘书学,490
1445,黑龙江工业学院,14,网络与新媒体,494
1445,黑龙江工业学院,16,财务管理,507
1445,黑龙江工业学院,17,商务经济学,483
1445,黑龙江工业学院,19,俄语,480
1445,黑龙江工业学院,20,商务英语,484
0219,黑龙江科技大学,01,经济学,507
0219,黑龙江科技大学,02,金融学,509
0219,黑龙江科技大学,03,国际经济与贸易,496
0219,黑龙江科技大学,08,英语,509
0219,黑龙江科技大学,09,俄语,496
0219,黑龙江科技大学,10,商务英语,495
0219,黑龙江科技大学,1G,会计学,538
0219,黑龙江科技大学,42,建筑学,491
0219,黑龙江科技大学,43,城乡规划,494
0219,黑龙江科技大学,48,工商管理,506
0219,黑龙江科技大学,49,市场营销,492
0219,黑龙江科技大学,50,财务管理,532
3296,黑龙江外国语学院,01,小学教育,440
3296,黑龙江外国语学院,02,英语(师范),464
3296,黑龙江外国语学院,29,汉语言文学(师范),466
0228,黑龙江中医药大学,08,针灸推拿学,581
0228,黑龙江中医药大学,J2,护理学,517
0101,衡水学院,26,政治学与行政学,501
0101,衡水学院,28,思想政治教育(师范),510
0101,衡水学院,36,英语(师范),506
0101,衡水学院,38,网络与新媒体,497
0101,衡水学院,60,财务管理,512
0101,衡水学院,61,人力资源管理,497
0101,衡水学院,65,社会工作,491
0546,衡阳师范学院,02,国际经济与贸易,513
0546,衡阳师范学院,05,法学,552
0546,衡阳师范学院,06,知识产权,537
0546,衡阳师范学院,07,思想政治教育(师范),550
0546,衡阳师范学院,17,网络与新媒体,528
0546,衡阳师范学院,39,旅游管理,484
0687,红河学院,B1,汉语言文学(师范),510
0687,红河学院,B2,汉语国际教育,486
1709,呼和浩特民族学院,K0,汉语言文学(师范),498
1709,呼和浩特民族学院,K1,法学,487
1709,呼和浩特民族学院,K5,小学教育(师范),472
1709,呼和浩特民族学院,L2,档案学,437
0819,呼伦贝尔学院,00,英语(师范),466
0819,呼伦贝尔学院,05,历史学(师范),472
0819,呼伦贝尔学院,A1,英语(师范),437
0512,湖北大学,01,市场营销(数智创意营销实验班),553
0512,湖北大学,S7,思想政治教育(师范类),576
0512,湖北大学,S8,历史学(师范类),582
3234,湖北大学知行学院,BA,英语(教育、翻译、对外经贸),468
3234,湖北大学知行学院,BC,汉语言文学,489
0500,湖北工业大学,54,会计学,570
1600,湖北经济学院,04,金融学,545
1600,湖北经济学院,13,会计学,569
0927,湖北科技学院,0Y,汉语言文学(师范),522
0927,湖北科技学院,17,英语(师范),503
0517,湖北民族大学,5D,日语,496
0517,湖北民族大学,91,少数民族预科班,480
0513,湖北师范大学,27,教育学类(教育学、小学教育、特殊教育)(师范),541
0513,湖北师范大学,47,地理科学(师范),566
0519,湖北文理学院,30,地理科学,526
0507,湖北中医药大学,04,中医学,580
0507,湖北中医药大学,09,针灸推拿学,578
0507,湖北中医药大学,11,应用心理学,539
0507,湖北中医药大学,12,公共事业管理(医事法学方向),548
1532,湖南财政经济学院,01,会计学,564
1532,湖南财政经济学院,03,财务管理,548
1532,湖南财政经济学院,09,金融学(数智投资),533
1532,湖南财政经济学院,0Z,日语(财经日语),533
1532,湖南财政经济学院,1F,文化产业管理(音视频产业),534
1532,湖南财政经济学院,1L,体育经济与管理,493
1527,湖南城市学院,52,汉语国际教育(师范),507
1527,湖南城市学院,54,英语(师范),500
0532,湖南大学,01,历史学,619
0532,湖南大学,02,哲学,618
0532,湖南大学,03,经济学类(经济学、财政学、国际经济与贸易),624
0532,湖南大学,04,金融学,626
0532,湖南大学,07,法学,631
0532,湖南大学,08,汉语言文学,625
0532,湖南大学,11,新闻传播学类(新闻学、广告学),619
0532,湖南大学,43,行政管理,616
0532,湖南大学,91,少数民族预科班,612
0532,湖南大学,BF,边防军人子女预科班,592
1342,湖南工程学院,04,英语,504
0554,湖南工商大学,20,工商管理类(工商管理、市场营销、人力资源管理),550
0554,湖南工商大学,31,财务管理,568
0554,湖南工商大学,40,法学,581
1535,湖南工业大学,62,法学,564
0534,湖南科技大学,57,城乡规划,520
0534,湖南科技大学,60,汉语言文学(师范),572
0534,湖南科技大学,61,历史学(师范),565
0534,湖南科技大学,63,英语,532
0534,湖南科技大学,66,日语,537
0534,湖南科技大学,67,日语(智能创新班),524
0534,湖南科技大学,68,翻译,527
0534,湖南科技大学,70,教育学(师范),544
0534,湖南科技大学,72,应用心理学(师范),549
0534,湖南科技大学,73,经济学,555
0534,湖南科技大学,75,国际经济与贸易,552
0534,湖南科技大学,89,公共事业管理,528
2649,湖南科技大学潇湘学院,0C,英语(师范),478
2649,湖南科技大学潇湘学院,0G,汉语言文学(师范),486
0551,湖南科技学院,16,日语,478
0551,湖南科技学院,39,英语(师范),489
0551,湖南科技学院,42,商务英语,486
0551,湖南科技学院,43,广告学,492
0551,湖南科技学院,45,财务管理,509
0551,湖南科技学院,51,网络与新媒体,505
0543,湖南理工学院,02,法学,569
0543,湖南理工学院,06,秘书学(师范),528
0543,湖南理工学院,09,国际经济与贸易,507
0543,湖南理工学院,0A,人力资源管理,490
0537,湖南农业大学,61,人文地理与城乡规划,534
1538,湖南女子学院,42,学前教育(师范),481
1538,湖南女子学院,44,汉语言文学(师范),519
1538,湖南女子学院,74,市场营销,476
1538,湖南女子学院,86,旅游管理,476
0553,湖南人文科技学院,15,法学,529
0553,湖南人文科技学院,19,英语(师范),492
0553,湖南人文科技学院,26,应用心理学(师范),492
0553,湖南人文科技学院,9E,学前教育(中外合作办学)(师范),463
2303,湖南涉外经济学院,R2,汉语言文学,475
2303,湖南涉外经济学院,R4,网络与新媒体,442
2303,湖南涉外经济学院,S3,市场营销,437
2303,湖南涉外经济学院,S6,人力资源管理,438
2303,湖南涉外经济学院,SC,供应链管理,437
0542,湖南师范大学,B2,汉语言文学(师范),620
0542,湖南师范大学,C0,历史学(师范),609
0542,湖南师范大学,E0,法学,612
0542,湖南师范大学,E5,会计学,605
0542,湖南师范大学,F4,哲学,595
0542,湖南师范大学,G4,经济学,592
0542,湖南师范大学,G6,金融学,591
0542,湖南师范大学,G8,国际经济与贸易,595
0542,湖南师范大学,J3,外国语言文学类(英语、俄语、德语、法语、西班牙语、阿拉伯语、日语、朝鲜语),599
0542,湖南师范大学,Y2,新闻传播学类(新闻学、编辑出版学、网络与新媒体),600
0549,湖南文理学院,01,汉语言文学(师范),542
0549,湖南文理学院,15,会计学,538
0347,湖州师范学院,41,俄语,505
0079,华北电力大学(保定),0M,外国语言文学类(英语、翻译),583
0079,华北电力大学(保定),0N,法学,612
0079,华北电力大学(保定),0P,社会工作,578
0079,华北电力大学(保定),0Q,行政管理,588
0054,华北电力大学(北京),0S,法学,620
0054,华北电力大学(北京),0T,网络与新媒体,600
0054,华北电力大学(北京),0V,行政管理,605
0054,华北电力大学(北京),0Z,英语(能源电力国际化人才创新班),603
0054,华北电力大学(北京),11,翻译,601
1104,华北科技学院,14,会计学,529
1104,华北科技学院,15,国际经济与贸易,499
1104,华北科技学院,1J,法学,552
1104,华北科技学院,1K,汉语国际教育,500
1104,华北科技学院,1P,英语,498
1104,华北科技学院,1Q,日语,482
0081,华北理工大学,41,金融学,545
0081,华北理工大学,42,金融学,502
0081,华北理工大学,62,英语,510
0081,华北理工大学,63,翻译,495
0081,华北理工大学,65,匈牙利语,471
0081,华北理工大学,66,法学,566
3408,华北理工大学轻工学院,01,国际经济与贸易,465
3408,华北理工大学轻工学院,0G,工商管理,471
3408,华北理工大学轻工学院,0J,财务管理,471
0251,华东理工大学,16,经济学类(经济学、金融学),612
0251,华东理工大学,18,工商管理类[工商管理(商务分析)、市场营销(大数据营销)、会计学(大数据会计)、财务管理(智能财务)],604
0251,华东理工大学,19,公共管理类(社会学、社会工作、公共事业管理、行政管理),593
0251,华东理工大学,22,外国语言文学类(英语、德语、日语),595
0251,华东理工大学,23,法学,616
0251,华东理工大学,74,市场营销(大数据营销)(民族班，只招少数民族考生),583
0269,华东师范大学,21,汉语言文学,640
0269,华东师范大学,22,汉语国际教育,633
0269,华东师范大学,31,金融学类(金融学、经济学),626
0269,华东师范大学,32,工商管理类(工商管理、会计学),630
0269,华东师范大学,35,人力资源管理(双学位),628
0269,华东师范大学,36,新闻传播学类(新闻学、编辑出版学),630
0269,华东师范大学,46,教育学类(学前教育、特殊教育、教育康复学、公共事业管理)(师范),622
0276,华东政法大学,0J,政治学与行政学,613
0276,华东政法大学,15,社会学类(社会学、社会工作、社会政策),608
0276,华东政法大学,1L,法学,638
0561,华南理工大学,27,工商管理类(工商管理、财务管理),621
0561,华南理工大学,29,行政管理,610
0561,华南理工大学,39,法学(卓越法律班),629
0561,华南理工大学,40,法学类(法学、知识产权),627
0561,华南理工大学,42,经济学类(经济学、金融学),623
0574,华南师范大学,04,社会工作,584
0574,华南师范大学,0X,传播学,595
0574,华南师范大学,1E,旅游管理,577
0574,华南师范大学,1T,物流管理,584
0574,华南师范大学,1W,法学,607
0385,华侨大学,01,哲学(中西哲学比较试验班、中华文化学试验班),571
0385,华侨大学,04,汉语国际教育,574
0385,华侨大学,08,数字出版,561
0385,华侨大学,34,城乡规划,547
0385,华侨大学,37,国际经济与贸易,557
0385,华侨大学,40,法学,596
0385,华侨大学,41,汉语言文学,581
0385,华侨大学,43,日语,548
0385,华侨大学,52,财务管理,571
0385,华侨大学,56,行政管理(数字政府治理、社会福利、公共危机管理),557
0385,华侨大学,59,会展经济与管理(数智会展与策划管理方向),549
0385,华侨大学,60,经济学类(中美双学位)[金融学(全英文教学)],539
0385,华侨大学,61,工商管理类(中美双学位)[财务管理(全英文教学)],538
0385,华侨大学,62,国际商务(全英文教学),534
0487,华中科技大学,1H,建筑类[建筑学(五年制)、城乡规划、风景园林],616
0487,华中科技大学,21,国际商务(英语辅修学位),622
0487,华中科技大学,25,中国语言文学类(汉语言文学、汉语国际教育),627
0504,华中农业大学,14,风景园林,602
0504,华中农业大学,24,社会学类(社会学、社会工作),589
0504,华中农业大学,25,法学,606
0504,华中农业大学,27,经济学类[经济学、国际经济与贸易、农林经济管理(国家卓越农林人才计划)、农村区域发展],595
0504,华中农业大学,30,工商管理类(市场营销、人力资源管理、会计学、财务管理、工商管理),593
0504,华中农业大学,31,英语,587
0548,怀化学院,02,旅游管理,476
0548,怀化学院,07,社会工作,489
0548,怀化学院,15,网络与新媒体,501
0548,怀化学院,17,商务英语,485
0373,淮北师范大学,08,英语(师范),558
0373,淮北师范大学,09,日语,554
0373,淮北师范大学,20,汉语言文学(师范),565
0373,淮北师范大学,22,新闻学,524
0373,淮北师范大学,24,社会工作,501
0577,惠州学院,16,国际经济与贸易,498
0577,惠州学院,34,社会工作,482
0577,惠州学院,35,英语(师范),507
2802,吉利学院,17,财务管理,459
0207,吉林财经大学,01,会计学,587
0207,吉林财经大学,02,审计学,585
0207,吉林财经大学,03,新闻学,539
0207,吉林财经大学,04,英语,543
0207,吉林财经大学,06,朝鲜语,496
0207,吉林财经大学,09,国际商务,542
0207,吉林财经大学,0A,国际经济与贸易,544
0207,吉林财经大学,0H,财政学,575
0207,吉林财经大学,0J,经济学,565
0207,吉林财经大学,0K,金融学,566
0207,吉林财经大学,0T,财务管理,582
0207,吉林财经大学,0U,人力资源管理,553
0207,吉林财经大学,0X,公共事业管理,533
0207,吉林财经大学,1N,法学,577
0207,吉林财经大学,1U,养老服务管理,542
0207,吉林财经大学,24,金融学(中外合作办学),542
0207,吉林财经大学,25,会计学(中外合作办学),559
0183,吉林大学,02,哲学,616
0183,吉林大学,03,社会学类(社会学、社会工作),610
0183,吉林大学,04,人文科学试验班(匡亚明班),632
0183,吉林大学,05,汉语言文学(匡亚明班，拔尖学生培养基地),635
0183,吉林大学,06,汉语言文学,628
0183,吉林大学,08,考古学,617
0183,吉林大学,10,新闻传播学类(新闻学、广告学),613
0183,吉林大学,12,英语,617
0183,吉林大学,13,俄语,615
0183,吉林大学,14,俄语,611
0183,吉林大学,16,日语,610
0183,吉林大学,17,日语,608
0183,吉林大学,18,朝鲜语,607
0183,吉林大学,19,朝鲜语,604
0183,吉林大学,22,历史学,623
0183,吉林大学,48,经济学(匡亚明班，拔尖学生培养基地),637
0183,吉林大学,49,经济学类(经济学、财政学、国际经济与贸易、金融学),620
0183,吉林大学,50,法学(吕振羽班),641
0183,吉林大学,51,法学(涉外法治人才试验班),641
0183,吉林大学,52,法学,639
0183,吉林大学,53,政治学与行政学,618
0183,吉林大学,54,外交学,613
0183,吉林大学,59,经济学(国别与区域经济),619
0183,吉林大学,62,经济学(数量经济),622
3607,吉林动画学院,23,广播电视编导,446
3607,吉林动画学院,24,网络与新媒体,448
3607,吉林动画学院,26,广告学,451
3607,吉林动画学院,28,文化产业管理,445
3607,吉林动画学院,29,互联网金融,437
0204,吉林工程技术师范学院,W1,英语(师范),494
1261,吉林工商学院,01,经济学,507
1261,吉林工商学院,02,财政学,514
1261,吉林工商学院,04,金融学,506
1261,吉林工商学院,06,投资学,491
1261,吉林工商学院,09,英语,488
1261,吉林工商学院,10,日语,491
1261,吉林工商学院,33,资产评估,507
1261,吉林工商学院,34,物流管理,485
1261,吉林工商学院,36,旅游管理,482
1261,吉林工商学院,39,会计学,526
0191,吉林建筑大学,02,城乡规划,492
0191,吉林建筑大学,20,社会工作,494
0191,吉林建筑大学,7W,财务管理,530
3604,吉林建筑科技学院,01,建筑学,437
3604,吉林建筑科技学院,02,城乡规划,437
3604,吉林建筑科技学院,24,财务管理,467
3604,吉林建筑科技学院,25,资产评估,437
3604,吉林建筑科技学院,26,审计学,462
3604,吉林建筑科技学院,27,英语,437
3604,吉林建筑科技学院,29,风景园林,440
1439,吉林农业科技学院,43,工商管理类(工商管理、市场营销、财务管理),501
0203,吉林师范大学,11,汉语言文学(师范),582
0203,吉林师范大学,21,思想政治教育(师范),575
0203,吉林师范大学,41,英语(师范),577
0203,吉林师范大学,43,日语,519
0203,吉林师范大学,44,朝鲜语,495
0203,吉林师范大学,45,德语,498
0203,吉林师范大学,53,小学教育(师范),564
0203,吉林师范大学,54,学前教育(师范),511
0203,吉林师范大学,5Z,学前教育(中外合作办学)(师范),479
0203,吉林师范大学,91,少数民族预科班,521
0203,吉林师范大学,BY,旅游管理,485
0203,吉林师范大学,E3,广播电视编导,493
0203,吉林师范大学,F3,市场营销,508
0203,吉林师范大学,FX,金融学,504
3622,吉林师范大学博达学院,36,小学教育(师范),467
3622,吉林师范大学博达学院,37,学前教育(师范),453
3622,吉林师范大学博达学院,38,汉语言文学(师范),478
3622,吉林师范大学博达学院,39,英语(师范),468
3622,吉林师范大学博达学院,40,商务英语,437
3622,吉林师范大学博达学院,43,日语,453
3622,吉林师范大学博达学院,44,俄语,441
3622,吉林师范大学博达学院,45,朝鲜语,453
3622,吉林师范大学博达学院,46,地理科学(师范),466
3622,吉林师范大学博达学院,47,旅游管理,437
3622,吉林师范大学博达学院,49,财务管理,455
3622,吉林师范大学博达学院,50,社会工作,456
0964,吉林外国语大学,04,翻译,472
0964,吉林外国语大学,05,商务英语,460
0964,吉林外国语大学,06,英语,473
0964,吉林外国语大学,07,阿拉伯语,458
0964,吉林外国语大学,09,朝鲜语(中外合作办学),439
0964,吉林外国语大学,10,日语,470
0964,吉林外国语大学,14,英语(英韩双语),460
0964,吉林外国语大学,17,德语(中外合作办学),437
0964,吉林外国语大学,19,葡萄牙语,461
0964,吉林外国语大学,20,西班牙语,459
0964,吉林外国语大学,21,意大利语,459
0964,吉林外国语大学,22,英语(英德双语),464
0964,吉林外国语大学,23,英语(英法双语),462
0964,吉林外国语大学,24,英语(英西班牙双语),465
0964,吉林外国语大学,25,俄语,466
0964,吉林外国语大学,26,俄语(中外合作办学),437
0964,吉林外国语大学,27,匈牙利语,443
0964,吉林外国语大学,28,捷克语,441
0964,吉林外国语大学,29,电子商务,466
0964,吉林外国语大学,32,会计学,489
0964,吉林外国语大学,35,金融学(中外合作办学),439
0964,吉林外国语大学,36,汉语国际教育,470
0964,吉林外国语大学,39,教育学类(教育学、小学教育),460
0964,吉林外国语大学,40,学前教育,461
0964,吉林外国语大学,41,旅游管理类(旅游管理、酒店管理),460
0964,吉林外国语大学,49,法语,457
0964,吉林外国语大学,51,汉语言文学,468
0964,吉林外国语大学,52,国际经贸规则,452
3706,吉林医药学院,0P,公共事业管理,493
3706,吉林医药学院,0Q,健康服务与管理,503
0209,吉林艺术学院,77,艺术管理,473
0531,吉首大学,2C,护理学,505
0531,吉首大学,4S,英语(师范),547
0531,吉首大学,6G,经济学,496
0531,吉首大学,9S,汉语言文学(师范),552
0390,集美大学,25,国际经济与贸易,567
0390,集美大学,27,学前教育(师范),536
0390,集美大学,32,工商管理,562
0390,集美大学,68,日语,547
0390,集美大学,72,汉语言文学,584
3471,集美大学诚毅学院,01,财政学,477
3471,集美大学诚毅学院,02,金融学,477
3471,集美大学诚毅学院,04,国际经济与贸易,508
3471,集美大学诚毅学院,05,法学,551
3471,集美大学诚毅学院,09,汉语言文学,486
3471,集美大学诚毅学院,0B,英语,470
3471,集美大学诚毅学院,0T,工商管理,469
3471,集美大学诚毅学院,0U,会计学,500
0427,济南大学,01,汉语言文学(师范类),586
0427,济南大学,0A,经济学,564
0427,济南大学,0C,工商管理,565
0427,济南大学,0H,法学,595
0427,济南大学,0K,公共管理类(行政管理、劳动与社会保障),555
0427,济南大学,10,建筑学,541
0427,济南大学,1H,旅游管理,554
0454,济宁学院,17,商务英语,483
0559,暨南大学,44,会计学(全英语教学),617
0559,暨南大学,49,国际新闻与传播(全英语教学),603
0559,暨南大学,4F,汉语言文学,617
0559,暨南大学,62,旅游管理,582
0559,暨南大学,64,酒店管理,586
0559,暨南大学,67,商务英语,599
0559,暨南大学,82,马克思主义理论,600
3291,嘉兴南湖学院,05,法学,562
3291,嘉兴南湖学院,10,金融学,550
3291,嘉兴南湖学院,13,会计学,558
1072,江汉大学,25,日语(IT应用实验班),532
0295,江南大学,46,金融学,601
0295,江南大学,49,会计学,609
0295,江南大学,50,汉语言文学,609
0295,江南大学,53,英语(涉外法治人才卓越创新班),603
0295,江南大学,54,日语(涉外法治人才卓越创新班),593
0295,江南大学,56,日语,592
0295,江南大学,57,法学,614
0295,江南大学,58,社会工作,594
0295,江南大学,59,思想政治教育,601
0299,江苏大学,05,法学,603
0299,江苏大学,06,工商管理,566
1641,江苏海洋大学,WB,俄语,525
1641,江苏海洋大学,WC,日语,521
1641,江苏海洋大学,WD,英语,519
0289,江苏科技大学,17,工商管理(中外合作办学),531
0289,江苏科技大学,35,英语,542
0289,江苏科技大学,36,俄语,526
0289,江苏科技大学,37,公共事业管理,541
3991,江苏科技大学苏州理工学院,0F,国际经济与贸易,478
3991,江苏科技大学苏州理工学院,0H,英语,471
1463,江苏理工学院,35,会计学,556
1463,江苏理工学院,55,旅游管理与服务教育(师范),498
0320,江苏师范大学,04,法学,593
0320,江苏师范大学,06,思想政治教育(师范),583
0320,江苏师范大学,0K,西班牙语,552
0320,江苏师范大学,0L,日语,542
0421,江西财经大学,11,会计学(国际会计),601
0421,江西财经大学,18,市场营销(数字营销),573
0421,江西财经大学,21,财政学,596
0421,江西财经大学,23,税收学,591
0421,江西财经大学,27,会计学,610
0421,江西财经大学,35,电子商务,564
0421,江西财经大学,41,金融学,587
0421,江西财经大学,42,金融学(FRM方向),583
0421,江西财经大学,64,法学(法学和金融学双学士学位),602
0421,江西财经大学,70,社会工作,559
3441,江西财经大学现代经济管理学院,11,会计学,491
3441,江西财经大学现代经济管理学院,13,税收学,479
3441,江西财经大学现代经济管理学院,21,金融学,472
3441,江西财经大学现代经济管理学院,22,保险学,467
3441,江西财经大学现代经济管理学院,24,国际经济与贸易,472
3441,江西财经大学现代经济管理学院,31,人力资源管理,472
3441,江西财经大学现代经济管理学院,32,市场营销,470
3441,江西财经大学现代经济管理学院,33,物流管理,466
3441,江西财经大学现代经济管理学院,61,新闻学,471
3441,江西财经大学现代经济管理学院,71,法学,501
3441,江西财经大学现代经济管理学院,72,知识产权,480
2766,江西工程学院,26,财务管理,463
1318,江西科技师范大学,0A,法语,507
1318,江西科技师范大学,0G,人力资源管理,507
1318,江西科技师范大学,0H,国际经济与贸易,521
0846,江西科技学院,26,会计学,463
0846,江西科技学院,30,英语,441
0846,江西科技学院,33,汉语言文学,466
0846,江西科技学院,36,数字人文,455
0407,江西理工大学,C1,法学,566
0407,江西理工大学,P1,汉语国际教育,534
3436,江西农业大学南昌商学院,04,国际经济与贸易,467
3436,江西农业大学南昌商学院,09,日语,467
3436,江西农业大学南昌商学院,10,商务英语,467
3436,江西农业大学南昌商学院,20,园林,467
3436,江西农业大学南昌商学院,26,人力资源管理,476
3436,江西农业大学南昌商学院,28,供应链管理,469
3436,江西农业大学南昌商学院,31,旅游管理,467
3436,江西农业大学南昌商学院,32,广播电视编导,457
0414,江西师范大学,AB,汉语言文学(师范),604
0414,江西师范大学,AC,历史学类[历史学(师范)、文物与博物馆学],595
0414,江西师范大学,BF,俄语(俄英双语),547
3438,江西师范大学科学技术学院,12,财务管理,480
3438,江西师范大学科学技术学院,28,汉语言文学(师范),494
1319,江西水利电力大学,12,人力资源管理,506
1319,江西水利电力大学,17,国际经济与贸易,528
1319,江西水利电力大学,1A,新闻传播学类(编辑出版学、网络与新媒体),528
2938,江西应用科技学院,0Z,会计学,459
2938,江西应用科技学院,12,健康服务与管理,437
1048,金陵科技学院,07,古典文献学,546
1048,金陵科技学院,09,汉语国际教育,552
1048,金陵科技学院,10,旅游管理,519
0160,锦州医科大学,56,公共事业管理,488
0160,锦州医科大学,58,医疗保险,487
3213,锦州医科大学医疗学院,06,养老服务管理,437
3535,晋中信息学院,26,互联网金融,473
3535,晋中信息学院,28,行政管理,470
3535,晋中信息学院,29,审计学,476
3535,晋中信息学院,30,财务管理,477
3535,晋中信息学院,32,市场营销,473
3535,晋中信息学院,35,健康服务与管理,465
3535,晋中信息学院,36,英语,476
0121,晋中学院,04,网络与新媒体,490
0121,晋中学院,05,英语(师范),507
0419,井冈山大学,50,中国共产党历史,541
0419,井冈山大学,52,社会工作,512
3435,景德镇艺术职业大学,65,应用日语,447
3435,景德镇艺术职业大学,69,大数据与财务管理,459
1843,九江学院,0H,法学,529
1843,九江学院,0P,汉语言文学(师范),523
1843,九江学院,1K,城乡规划,477
1843,九江学院,21,会计学,520
1843,九江学院,26,物流管理,488
1843,九江学院,27,旅游管理,477
0763,喀什大学,01,法学,519
0763,喀什大学,05,思想政治教育(师范),493
0763,喀什大学,09,小学教育(师范),491
0763,喀什大学,0P,汉语言文学(师范),503
0763,喀什大学,0T,汉语国际教育,510
0763,喀什大学,0Z,英语(师范),497
0763,喀什大学,12,俄语,486
0763,喀什大学,14,广播电视学,486
0763,喀什大学,16,历史学(师范),502
0763,喀什大学,1Q,地理科学(师范),509
0763,喀什大学,2C,旅游管理,477
0763,喀什大学,2Q,国际经济与贸易,482
0763,喀什大学,2U,社会工作,473
0763,喀什大学,2Y,财务管理,499
0763,喀什大学,3A,翻译,481
0763,喀什大学,3J,酒店管理,475
0674,昆明理工大学,66,法学,568
0674,昆明理工大学,67,传播学,538
0674,昆明理工大学,86,英语,524
0674,昆明理工大学,87,汉语国际教育,530
0674,昆明理工大学,90,建筑学,523
0674,昆明理工大学,92,风景园林,526
3626,昆明理工大学津桥学院,0N,工商管理,445
3626,昆明理工大学津桥学院,0P,国际经济与贸易,447
3626,昆明理工大学津桥学院,0R,市场营销,444
3626,昆明理工大学津桥学院,0S,物流管理,438
3626,昆明理工大学津桥学院,0U,文化产业管理,437
3626,昆明理工大学津桥学院,0V,英语,443
3626,昆明理工大学津桥学院,0Y,学前教育,456
3626,昆明理工大学津桥学院,0Z,法学,477
3625,昆明文理学院,B1,汉语言文学,471
3625,昆明文理学院,C1,工商管理,438
3625,昆明文理学院,D6,审计学,459
1393,昆明学院,12,学前教育(师范),479
1393,昆明学院,19,英语(师范),495
0741,兰州财经大学,01,会计学,563
0741,兰州财经大学,06,金融学,526
0741,兰州财经大学,0W,经济学,540
0741,兰州财经大学,1F,公共事业管理,501
0741,兰州财经大学,1J,财政学,558
0741,兰州财经大学,1M,知识产权,535
0741,兰州财经大学,2A,金融学(121中俄实验班),481
0730,兰州大学,04,法学,621
0730,兰州大学,05,政治学类(政治学与行政学、国际政治),609
0730,兰州大学,08,马克思主义理论类(思想政治教育、马克思主义理论),613
0730,兰州大学,09,汉语言文学,619
0730,兰州大学,14,新闻传播学类(新闻学、广告学),606
0730,兰州大学,15,历史学类[历史学(基地班)、历史学、文物与博物馆学],609
0730,兰州大学,17,工商管理类(含基地班),610
0732,兰州交通大学,46,汉语言文学,550
0732,兰州交通大学,51,会计学,563
0732,兰州交通大学,53,英语,528
0731,兰州理工大学,0Y,工商管理,514
0731,兰州理工大学,0Z,市场营销,507
0731,兰州理工大学,1A,会计学,546
0731,兰州理工大学,1V,俄语,488
0731,兰州理工大学,1Y,知识产权,532
6209,兰州石化职业技术大学,BW,大数据与会计,491
1562,兰州文理学院,3U,学前教育(师范),473
0100,廊坊师范学院,15,英语(师范),516
0100,廊坊师范学院,19,新闻学,500
0100,廊坊师范学院,20,历史学(师范),515
0649,乐山师范学院,1A,行政管理,481
0649,乐山师范学院,1B,社会工作,489
0649,乐山师范学院,1D,养老服务管理,487
3328,丽江文化旅游学院,14,英语,440
3328,丽江文化旅游学院,17,汉语言文学,468
3328,丽江文化旅游学院,20,秘书学,447
3328,丽江文化旅游学院,21,网络与新媒体,449
3328,丽江文化旅游学院,22,学前教育,437
3328,丽江文化旅游学院,23,小学教育,441
0352,丽水学院,91,少数民族预科班,494
1779,辽东学院,01,国际经济与贸易,483
1779,辽东学院,03,金融学,494
1779,辽东学院,05,税收学,508
1779,辽东学院,06,跨境电子商务,485
1779,辽东学院,07,会计学,518
1779,辽东学院,08,财务管理,514
1779,辽东学院,09,旅游管理,479
1779,辽东学院,10,朝鲜语,475
1779,辽东学院,11,汉语国际教育(师范类),502
1779,辽东学院,12,日语,483
1779,辽东学院,13,汉语言文学(师范类),518
1779,辽东学院,15,小学教育(师范类),498
1779,辽东学院,16,英语(师范类),502
1779,辽东学院,22,服装设计与工程,480
1779,辽东学院,38,酒店管理,478
1779,辽东学院,40,地理科学(师范类),512
1779,辽东学院,41,学前教育(师范类),481
3900,辽宁财贸学院,0E,会计学,472
3900,辽宁财贸学院,0F,财务管理,458
3900,辽宁财贸学院,0H,审计学,464
3957,辽宁传媒学院,01,汉语言文学,437
3957,辽宁传媒学院,02,新闻学,437
3957,辽宁传媒学院,04,广告学,445
3957,辽宁传媒学院,05,传播学,437
3957,辽宁传媒学院,06,网络与新媒体,437
3957,辽宁传媒学院,07,数字出版,454
3957,辽宁传媒学院,09,风景园林,438
3957,辽宁传媒学院,12,文化产业管理,450
3957,辽宁传媒学院,14,应用中文,442
3957,辽宁传媒学院,15,戏剧影视文学,439
3957,辽宁传媒学院,16,广播电视编导,440
0140,辽宁大学,01,汉语言文学,600
0140,辽宁大学,03,历史学,593
0140,辽宁大学,04,考古学,585
0140,辽宁大学,05,档案学,583
0140,辽宁大学,06,哲学,579
0140,辽宁大学,07,行政管理,584
0140,辽宁大学,08,劳动与社会保障,580
0140,辽宁大学,09,新闻学,583
0140,辽宁大学,10,广告学,574
0140,辽宁大学,11,编辑出版学,574
0140,辽宁大学,12,经济学类(经济学、国民经济管理),593
0140,辽宁大学,16,财政学,598
0140,辽宁大学,17,金融学类(金融学、保险学),582
0140,辽宁大学,20,国际经济与贸易,583
0140,辽宁大学,21,国际政治,589
0140,辽宁大学,22,朝鲜语,571
0140,辽宁大学,25,工商管理类(工商管理、人力资源管理、市场营销),577
0140,辽宁大学,29,会计学,602
0140,辽宁大学,30,法学,614
0140,辽宁大学,31,英语,587
0140,辽宁大学,32,俄语,573
0140,辽宁大学,33,德语,575
0140,辽宁大学,34,法语,580
0140,辽宁大学,35,日语,577
0140,辽宁大学,36,广播电视编导,545
0140,辽宁大学,49,戏剧影视文学,551
0140,辽宁大学,50,汉语国际教育,587
0140,辽宁大学,72,会计学(中外合作办学)(新华国际商学院),564
0140,辽宁大学,73,市场营销(中外合作办学)(新华国际商学院),560
0140,辽宁大学,74,工商管理(中外合作办学)(新华国际商学院),561
0140,辽宁大学,75,会计学(中外合作办学)(亚澳商学院),567
0140,辽宁大学,76,金融学(中外合作办学)(亚澳商学院),555
0140,辽宁大学,77,国际商务(中外合作办学)(亚澳商学院),555
0140,辽宁大学,78,马克思主义理论,597
0140,辽宁大学,79,英语(辽阳武圣校区),555
0140,辽宁大学,80,俄语(辽阳武圣校区),542
0140,辽宁大学,81,日语(辽阳武圣校区),548
0140,辽宁大学,82,翻译(辽阳武圣校区),538
0140,辽宁大学,83,商务英语(辽阳武圣校区),542
0140,辽宁大学,84,纪检监察,611
0140,辽宁大学,AB,汉语言文学(辽宁省高校专项计划),594
0140,辽宁大学,AC,新闻学(辽宁省高校专项计划),566
0140,辽宁大学,AD,法学(辽宁省高校专项计划),605
0140,辽宁大学,AE,英语(辽宁省高校专项计划),561
0140,辽宁大学,AF,汉语国际教育(辽宁省高校专项计划),572
0841,辽宁对外经贸学院,01,国际经济与贸易,437
0841,辽宁对外经贸学院,02,金融学,437
0841,辽宁对外经贸学院,03,物流管理,437
0841,辽宁对外经贸学院,04,电子商务,437
0841,辽宁对外经贸学院,05,英语,438
0841,辽宁对外经贸学院,06,商务英语,439
0841,辽宁对外经贸学院,07,日语,441
0841,辽宁对外经贸学院,08,俄语,437
0841,辽宁对外经贸学院,09,朝鲜语,448
0841,辽宁对外经贸学院,0A,西班牙语,439
0841,辽宁对外经贸学院,0B,会计学,457
0841,辽宁对外经贸学院,0C,财务管理,437
0841,辽宁对外经贸学院,0D,资产评估,438
0841,辽宁对外经贸学院,0E,市场营销,437
0841,辽宁对外经贸学院,0F,人力资源管理,437
0841,辽宁对外经贸学院,0G,旅游管理,448
0841,辽宁对外经贸学院,0H,会展经济与管理,437
0841,辽宁对外经贸学院,0J,养老服务管理,443
0147,辽宁工程技术大学,11,地理信息科学,510
0147,辽宁工程技术大学,20,工商管理,509
0147,辽宁工程技术大学,21,国际经济与贸易,497
0147,辽宁工程技术大学,22,金融学,507
0147,辽宁工程技术大学,24,会计学,532
0147,辽宁工程技术大学,25,市场营销,497
0147,辽宁工程技术大学,30,建筑学,494
0147,辽宁工程技术大学,53,法学,535
0147,辽宁工程技术大学,54,行政管理,503
0147,辽宁工程技术大学,55,财务管理,523
0147,辽宁工程技术大学,56,英语,497
0147,辽宁工程技术大学,57,网络与新媒体,502
0154,辽宁工业大学,31,会计学,531
0154,辽宁工业大学,32,工商管理,496
0154,辽宁工业大学,34,国际经济与贸易,492
0154,辽宁工业大学,35,建筑学,487
0154,辽宁工业大学,41,广告学,488
0154,辽宁工业大学,42,传播学,492
3610,辽宁何氏医学院,12,学前教育,439
3610,辽宁何氏医学院,13,健康服务与管理,437
1432,辽宁警察学院,A1,监狱学,510
1432,辽宁警察学院,H1,航空安防管理,509
0146,辽宁科技大学,W1,财务管理,519
0146,辽宁科技大学,W2,工商管理,500
0146,辽宁科技大学,W3,会计学,529
0146,辽宁科技大学,W4,市场营销,487
0146,辽宁科技大学,W5,法学,535
0146,辽宁科技大学,W6,国际经济与贸易,493
0146,辽宁科技大学,W7,建筑学,493
0146,辽宁科技大学,W8,英语,494
1430,辽宁科技学院,29,会计学,512
1430,辽宁科技学院,30,档案学,486
1430,辽宁科技学院,31,旅游管理,478
1430,辽宁科技学院,33,广告学,478
1430,辽宁科技学院,34,小学教育(师范类),496
3217,辽宁理工学院,02,汉语言文学,437
3217,辽宁理工学院,20,会计学,445
2595,辽宁理工职业大学,12,现代物流管理,438
2595,辽宁理工职业大学,13,护理,453
0165,辽宁师范大学,A1,地理科学(师范),572
0165,辽宁师范大学,A2,人文地理与城乡规划,562
0165,辽宁师范大学,A3,地理信息科学,569
0165,辽宁师范大学,AB,地理科学(师范)(辽宁省高校专项计划),566
0165,辽宁师范大学,AC,历史学(师范)(辽宁省高校专项计划),566
0165,辽宁师范大学,AD,思想政治教育(师范)(辽宁省高校专项计划),577
0165,辽宁师范大学,AE,英语(师范)(辽宁省高校专项计划),580
0165,辽宁师范大学,AF,汉语言文学(师范)(辽宁省高校专项计划),582
0165,辽宁师范大学,B1,法学,584
0165,辽宁师范大学,B2,政治学与行政学,566
0165,辽宁师范大学,C1,国际商务(中外合作办学),466
0165,辽宁师范大学,F1,教育学(师范),562
0165,辽宁师范大学,F3,学前教育(师范),547
0165,辽宁师范大学,F4,小学教育(师范),566
0165,辽宁师范大学,F5,特殊教育(师范),567
0165,辽宁师范大学,G1,历史学(师范),570
0165,辽宁师范大学,G2,文物与博物馆学,565
0165,辽宁师范大学,H1,思想政治教育(师范),577
0165,辽宁师范大学,N1,英语(师范),577
0165,辽宁师范大学,N2,英语(中外合作办学),502
0165,辽宁师范大学,N3,俄语,544
0165,辽宁师范大学,N4,法语,546
0165,辽宁师范大学,N5,日语(师范),555
0165,辽宁师范大学,N6,日语,545
0165,辽宁师范大学,N7,翻译,549
0165,辽宁师范大学,N8,国际商务,556
0165,辽宁师范大学,P1,汉语言文学(师范),587
0165,辽宁师范大学,P2,汉语国际教育(师范),568
0165,辽宁师范大学,P3,新闻学,560
0165,辽宁师范大学,P4,广告学,559
0165,辽宁师范大学,R1,心理学(师范),561
0165,辽宁师范大学,R2,应用心理学(师范),555
0165,辽宁师范大学,T2,广播电视编导,527
0165,辽宁师范大学,U2,会计学,584
0165,辽宁师范大学,U3,公共事业管理,558
0165,辽宁师范大学,U4,行政管理,561
0165,辽宁师范大学,U5,图书馆学,560
3215,辽宁师范大学海华学院,01,法学,450
3215,辽宁师范大学海华学院,02,思想政治教育,442
3215,辽宁师范大学海华学院,04,小学教育,454
3215,辽宁师范大学海华学院,06,汉语言文学,444
3215,辽宁师范大学海华学院,12,历史学,439
3215,辽宁师范大学海华学院,19,会计学,446
3215,辽宁师范大学海华学院,20,审计学,453
0148,辽宁石油化工大学,11,俄语,483
0148,辽宁石油化工大学,17,工商管理,487
0148,辽宁石油化工大学,28,会计学,520
0148,辽宁石油化工大学,33,金融学,495
0148,辽宁石油化工大学,45,物流管理,483
0148,辽宁石油化工大学,48,英语,487
0148,辽宁石油化工大学,91,少数民族预科班,480
0162,辽宁中医药大学,01,中医学(5+3一体化),597
0162,辽宁中医药大学,02,中医学(5+3一体化儿科学),586
0162,辽宁中医药大学,03,中医学,571
0162,辽宁中医药大学,04,中医骨伤科学,557
0162,辽宁中医药大学,05,针灸推拿学,560
0162,辽宁中医药大学,06,中医康复学,556
0162,辽宁中医药大学,07,中医养生学,554
0162,辽宁中医药大学,0F,护理学,444
0162,辽宁中医药大学,0P,运动康复,549
0162,辽宁中医药大学,0Q,英语,511
0162,辽宁中医药大学,0R,市场营销,503
0162,辽宁中医药大学,0S,公共事业管理,510
0162,辽宁中医药大学,0T,健康服务与管理,531
0162,辽宁中医药大学,0U,护理学(中外合作办学),437
0162,辽宁中医药大学,0X,针灸推拿学(辽宁省高校专项计划),550
0162,辽宁中医药大学,0Y,护理学(辽宁省高校专项计划),437
3609,辽宁中医药大学杏林学院,05,健康服务与管理,449
0447,聊城大学,13,法学,559
0447,聊城大学,15,教育学(师范),532
0447,聊城大学,1B,汉语言文学(师范),560
0447,聊城大学,1D,英语(师范),533
0447,聊城大学,1F,日语,500
0447,聊城大学,1G,历史学(师范),549
0452,临沂大学,EU,思想政治教育(师范类),557
0452,临沂大学,FD,新闻学,540
0452,临沂大学,FK,英语(师范类),546
0452,临沂大学,FY,汉语言文学(师范类),554
0452,临沂大学,FZ,汉语国际教育(师范类),534
0579,岭南师范学院,02,汉语国际教育(师范),512
3639,柳州工学院,3J,市场营销,437
3639,柳州工学院,6J,物流管理,443
0738,陇东学院,01,汉语言文学(师范),512
0738,陇东学院,0B,历史学(师范),503
0738,陇东学院,0X,会计学,503
0451,鲁东大学,02,广播电视编导,495
0451,鲁东大学,08,汉语国际教育,542
0451,鲁东大学,10,思想政治教育(师范),563
0451,鲁东大学,64,日语(国别与区域研究方向),517
0451,鲁东大学,65,朝鲜语(国别与区域研究方向),493
0451,鲁东大学,66,英语(英法双语方向)(师范),553
0178,鲁迅美术学院,25,艺术管理,489
0812,吕梁学院,01,思想政治教育(师范),507
0812,吕梁学院,02,学前教育(师范),483
0812,吕梁学院,06,英语(师范),497
0812,吕梁学院,08,历史学(师范),514
0812,吕梁学院,12,城乡规划,477
0812,吕梁学院,17,财务管理,509
1070,洛阳理工学院,62,工商管理,503
1070,洛阳理工学院,66,会计学,519
1070,洛阳理工学院,72,俄语,493
0482,洛阳师范学院,03,汉语言文学(师范),525
0482,洛阳师范学院,05,历史学(师范),518
0482,洛阳师范学院,10,翻译,481
0482,洛阳师范学院,46,工商管理,496
0639,绵阳师范学院,05,汉语言文学(师范),540
0639,绵阳师范学院,06,汉语国际教育,520
4139,民政职业大学,0Q,智慧健康养老管理,506
4139,民政职业大学,0R,社会工作,494
4139,民政职业大学,0T,现代殡葬管理,512
4139,民政职业大学,0U,婚姻服务与管理,500
0395,闽江学院,0C,汉语国际教育,528
0395,闽江学院,19,法学,553
0233,牡丹江师范学院,16,法学,530
0233,牡丹江师范学院,26,汉语言文学(师范),533
0233,牡丹江师范学院,29,秘书学,497
0233,牡丹江师范学院,30,英语(师范),520
0233,牡丹江师范学院,32,俄语,490
0233,牡丹江师范学院,39,商务英语,482
0403,南昌大学,32,日语,570
0403,南昌大学,35,俄语,566
0403,南昌大学,38,行政管理,581
0403,南昌大学,3F,经济学,591
0403,南昌大学,41,工商管理,585
0403,南昌大学,80,护理学,548
3429,南昌大学科学技术学院,04,汉语言文学,492
3429,南昌大学科学技术学院,05,法学,506
3429,南昌大学科学技术学院,07,德语,461
3429,南昌大学科学技术学院,08,日语,465
3429,南昌大学科学技术学院,14,旅游管理,465
3429,南昌大学科学技术学院,16,市场营销,466
3421,南昌工学院,04,思想政治教育,466
3433,南昌航空大学科技学院,31,经济学,473
3433,南昌航空大学科技学院,33,工商管理,478
3433,南昌航空大学科技学院,34,市场营销,473
3433,南昌航空大学科技学院,35,会计学,501
3433,南昌航空大学科技学院,42,新闻学,479
3433,南昌航空大学科技学院,43,网络与新媒体,476
3433,南昌航空大学科技学院,51,英语,472
3431,南昌交通学院,03,物流管理,455
3431,南昌交通学院,11,建筑学,441
3431,南昌交通学院,25,金融学,461
3431,南昌交通学院,27,会计学,469
3431,南昌交通学院,29,国际经济与贸易,458
3431,南昌交通学院,30,旅游管理与服务教育,455
3431,南昌交通学院,39,公共事业管理,458
2795,南昌理工学院,33,法学,474
2795,南昌理工学院,35,汉语言文学,467
4437,南昌师范学院,01,学前教育(师范),485
4437,南昌师范学院,05,会展经济与管理,487
3437,南昌医学院,J1,护理学,521
2121,南方医科大学,A6,中医学,611
2121,南方医科大学,C7,应用心理学,573
2121,南方医科大学,C9,外国语言文学类[翻译、英语(医学英语)],548
2121,南方医科大学,D1,公共事业管理,557
0555,南华大学,1E,风景园林,522
0555,南华大学,27,法学,571
0555,南华大学,28,经济学,548
0555,南华大学,29,国际经济与贸易,532
2650,南华大学船山学院,09,会计学,484
0327,南京财经大学,03,财政学类(财政学、税收学),592
0327,南京财经大学,06,金融学类(金融学、投资学、保险学),579
0327,南京财经大学,07,国际经济与贸易,573
0327,南京财经大学,09,法学,598
0327,南京财经大学,0C,汉语言文学,590
0327,南京财经大学,0F,商务英语,567
0327,南京财经大学,19,行政管理,572
3990,南京财经大学红山学院,07,审计学,492
3990,南京财经大学红山学院,08,人力资源管理,472
3990,南京财经大学红山学院,12,工商管理,478
3990,南京财经大学红山学院,13,财务管理,490
3687,南京传媒学院,A1,广播电视编导,484
3687,南京传媒学院,A2,新闻传播学类(新闻学、广告学、传播学、网络与新媒体、数字出版),477
0284,南京大学,02,人文科学试验班[汉语言文学、哲学、汉语国际教育、新闻学、广播电视学、广告学、历史学、考古学、考古学(文物鉴定方向)],648
0284,南京大学,04,社会科学试验班(法学、社会学类、公共管理类、图书馆学、档案学、编辑出版学),648
0284,南京大学,05,经济管理试验班(数智经济与管理)[经济学、金融学、保险学、经济学(产业经济学方向)、工商管理类、国际经济与贸易、财政学],646
1276,南京工程学院,40,会计学,570
1276,南京工程学院,43,物流管理,543
0291,南京工业大学,18,国际经济与贸易,563
0291,南京工业大学,1H,行政管理,571
0291,南京工业大学,1K,日语,556
3905,南京工业大学浦江学院,04,工商管理,473
3905,南京工业大学浦江学院,08,税收学,481
3905,南京工业大学浦江学院,09,文化产业管理,469
3905,南京工业大学浦江学院,12,日语,467
0287,南京航空航天大学,04,英语(民航业务，国际贸易),604
0287,南京航空航天大学,06,工商管理(商务分析与数智管理),602
3655,南京航空航天大学金城学院,A1,会计学,501
3655,南京航空航天大学金城学院,AA,汉语言文学,490
3654,南京理工大学紫金学院,01,国际经济与贸易,494
3654,南京理工大学紫金学院,02,金融学,490
3654,南京理工大学紫金学院,03,会计学,506
0298,南京林业大学,BK,日语,565
0307,南京农业大学,17,工商管理类(工商管理、市场营销、电子商务),594
0307,南京农业大学,23,英语,589
0307,南京农业大学,24,日语,582
0307,南京农业大学,25,社会学类(法学、社会学、旅游管理、农村区域发展),594
1287,南京审计大学,0F,法学(法务会计),612
1287,南京审计大学,11,会计学,613
1287,南京审计大学,15,审计学,619
3994,南京审计大学金审学院,01,审计学,518
3994,南京审计大学金审学院,02,内部审计,506
3994,南京审计大学金审学院,03,会计学,522
3994,南京审计大学金审学院,04,财务管理,518
3994,南京审计大学金审学院,05,金融学,488
3994,南京审计大学金审学院,13,养老服务管理,470
0319,南京师范大学,04,财务管理,609
0319,南京师范大学,08,行政管理,603
0319,南京师范大学,0B,国际经济与贸易,597
0319,南京师范大学,0G,思想政治教育(师范),615
0319,南京师范大学,0R,中国语言文学类[汉语言文学(师范、创新实验班)、秘书学],620
0319,南京师范大学,0Z,外国语言文学类(俄语、法语、西班牙语、日语、翻译),608
2048,南京特殊教育师范学院,01,特殊教育(师范),549
2048,南京特殊教育师范学院,06,学前教育(师范),524
2048,南京特殊教育师范学院,07,小学教育(师范),535
2048,南京特殊教育师范学院,08,公共事业管理,521
2048,南京特殊教育师范学院,12,汉语言文学(师范),535
2048,南京特殊教育师范学院,13,英语(师范),524
2048,南京特殊教育师范学院,17,孤独症儿童教育(师范),548
1460,南京晓庄学院,11,汉语国际教育,537
1460,南京晓庄学院,16,广播电视学,537
1460,南京晓庄学院,19,国际经济与贸易,529
1460,南京晓庄学院,1C,物流管理,527
1460,南京晓庄学院,1W,汉语言文学,567
0300,南京信息工程大学,61,法学,602
0300,南京信息工程大学,63,行政管理,578
0300,南京信息工程大学,77,会计学,592
0300,南京信息工程大学,78,人力资源管理,585
0300,南京信息工程大学,84,汉语言文学,593
0331,南京艺术学院,06,影视摄影与制作,551
0331,南京艺术学院,09,艺术史论,552
0331,南京艺术学院,10,非物质文化遗产保护,557
0331,南京艺术学院,11,文化产业管理,554
0331,南京艺术学院,12,艺术管理,541
0055,南开大学,07,法学,641
0055,南开大学,10,经济学类(经济学、国际经济与贸易、财政学、商务经济学),641
0055,南开大学,15,中国语言文学类[汉语言文学、新闻学、网络与新媒体(出版与智能传播方向)、汉语国际教育],638
0055,南开大学,17,工商管理类(未来商业领导者计划)(工商管理、人力资源管理、财务管理、会计学、市场营销、物流管理、图书馆学、档案学、旅游管理、会展经济与管理),639
3645,南宁理工学院,D2,网络与新媒体,461
3645,南宁理工学院,S5,会计学,458
0603,南宁师范大学,07,历史学(师范),535
0603,南宁师范大学,46,国际经济与贸易,504
0603,南宁师范大学,74,汉语言文学(师范),548
0304,南通大学,12,行政管理,550
0304,南通大学,15,国际经济与贸易,554
0304,南通大学,33,商务英语,548
1653,南阳理工学院,30,护理学,437
1653,南阳理工学院,35,国际经济与贸易(数字商务方向),487
1653,南阳理工学院,36,工商管理,500
1653,南阳理工学院,37,市场营销(大数据营销方向),490
1653,南阳理工学院,45,日语,482
0481,南阳师范学院,48,历史学(师范),521
0481,南阳师范学院,49,思想政治教育(师范),521
0481,南阳师范学院,62,日语,481
0481,南阳师范学院,72,考古学,509
0640,内江师范学院,02,外国语言文学类(英语、翻译)(师范),528
0640,内江师范学院,04,法学,544
0139,内蒙古财经大学,06,金融学,493
0139,内蒙古财经大学,13,资源与环境经济学,492
0139,内蒙古财经大学,17,财政学,487
0139,内蒙古财经大学,31,会计学,498
0139,内蒙古财经大学,ML,会计学,437
0126,内蒙古大学,12,哲学,575
0126,内蒙古大学,15,法学,605
0126,内蒙古大学,1R,网络与新媒体,569
0126,内蒙古大学,22,历史学,577
0126,内蒙古大学,2B,劳动与社会保障,569
0126,内蒙古大学,X4,新闻学,535
0126,内蒙古大学,X5,旅游管理,478
0128,内蒙古工业大学,0Q,社会工作,483
8127,内蒙古科技大学包头师范学院,00,法学,532
8127,内蒙古科技大学包头师范学院,06,汉语言文学(师范),532
8127,内蒙古科技大学包头师范学院,14,图书馆学,481
8127,内蒙古科技大学包头师范学院,53,金融学,525
0136,内蒙古民族大学,69,法学,497
0136,内蒙古民族大学,78,新闻学,496
0135,内蒙古师范大学,24,数字人文,507
0135,内蒙古师范大学,31,民族学,489
0135,内蒙古师范大学,63,哲学,493
0135,内蒙古师范大学,W1,法学,510
0135,内蒙古师范大学,W2,新闻学,475
0135,内蒙古师范大学,W3,日语(师范),472
0135,内蒙古师范大学,W4,教育学(师范),466
4531,内蒙古艺术学院,T3,艺术史论,473
4531,内蒙古艺术学院,T4,文化产业管理,475
1646,宁波大学,30,经济学类(经济学、国际经济与贸易、金融学),588
1646,宁波大学,48,英语,587
1646,宁波大学,50,日语,574
6301,宁波诺丁汉大学,01,国际商务(中外合作办学),581
6301,宁波诺丁汉大学,02,财务管理(中外合作办学),605
6301,宁波诺丁汉大学,03,国际经济与贸易(中外合作办学),583
6301,宁波诺丁汉大学,04,经济学(中外合作办学),585
6301,宁波诺丁汉大学,05,国际事务与国际关系(中外合作办学),571
6301,宁波诺丁汉大学,06,传播学(中外合作办学),561
6301,宁波诺丁汉大学,08,英语(中外合作办学),557
0749,宁夏大学,08,俄语,556
0749,宁夏大学,19,行政管理,563
2544,宁夏理工学院,01,金融学,453
2544,宁夏理工学院,02,国际经济与贸易(数字贸易),440
2544,宁夏理工学院,03,会计学(智能会计),463
2544,宁夏理工学院,04,财务管理(大数据财务),453
2544,宁夏理工学院,06,农村区域发展,450
2544,宁夏理工学院,29,日语,451
2544,宁夏理工学院,33,汉语言文学,462
1360,攀枝花学院,04,汉语言文学,510
0919,平顶山学院,41,工商管理,483
0919,平顶山学院,50,旅游管理,480
0919,平顶山学院,8V,西班牙语,479
0895,萍乡学院,0F,电子商务,480
0685,普洱学院,07,行政管理,472
0685,普洱学院,0E,汉语言文学(师范),501
3998,齐鲁理工学院,37,会计学,462
0825,齐鲁医药学院,01,应用心理学,471
0825,齐鲁医药学院,23,健康服务与管理,473
0825,齐鲁医药学院,24,医疗保险,476
0232,齐齐哈尔大学,08,英语(师范类),510
0232,齐齐哈尔大学,09,英语,510
0232,齐齐哈尔大学,10,俄语(师范类),489
0232,齐齐哈尔大学,11,日语,491
0232,齐齐哈尔大学,15,国际经济与贸易,501
0232,齐齐哈尔大学,16,工商管理类(工商管理、市场营销、财务管理),504
0232,齐齐哈尔大学,19,汉语国际教育,509
0232,齐齐哈尔大学,21,广播电视学,485
1230,齐齐哈尔医学院,28,应用心理学,518
1230,齐齐哈尔医学院,29,社会工作,494
1230,齐齐哈尔医学院,30,公共事业管理,497
1230,齐齐哈尔医学院,31,健康服务与管理,501
0868,青岛滨海学院,02,学前教育(师范),444
0868,青岛滨海学院,03,融合教育,437
0868,青岛滨海学院,04,汉语言文学,467
0868,青岛滨海学院,08,日语,446
0868,青岛滨海学院,13,市场营销,450
3378,青岛城市学院,16,建筑学,437
3378,青岛城市学院,17,城乡规划,447
3378,青岛城市学院,18,国际经济与贸易,459
3378,青岛城市学院,19,市场营销,448
3378,青岛城市学院,20,物流管理,465
3378,青岛城市学院,21,跨境电子商务,461
3378,青岛城市学院,28,互联网金融,458
3378,青岛城市学院,29,会计学,493
3378,青岛城市学院,30,财务管理,469
3378,青岛城市学院,31,审计学,481
3378,青岛城市学院,32,外国语言文学类(英语、德语、法语、俄语、商务英语),448
1065,青岛大学,06,法学,596
1065,青岛大学,0F,汉语言文学(师范),590
1065,青岛大学,0G,英语(数智语言方向),568
1065,青岛大学,0J,日语(数智语言方向),560
1065,青岛大学,0K,朝鲜语(韩国与东北亚区域方向),551
1065,青岛大学,0M,西班牙语(拉美区域方向),557
1065,青岛大学,0P,新闻学,578
1065,青岛大学,1S,工商管理,561
1065,青岛大学,1T,会计学,583
1065,青岛大学,6E,旅游管理,557
3995,青岛工学院,24,英语,462
3995,青岛工学院,25,日语,463
3995,青岛工学院,31,工商管理,460
3995,青岛工学院,34,审计学,471
3995,青岛工学院,47,知识产权,467
3995,青岛工学院,66,应用心理学,458
3015,青岛恒星科技学院,1S,工商管理,449
3015,青岛恒星科技学院,1V,酒店管理,447
3015,青岛恒星科技学院,1Y,汉语言文学,464
3015,青岛恒星科技学院,20,汉语国际教育,440
3015,青岛恒星科技学院,21,英语,445
3015,青岛恒星科技学院,2A,护理学,444
3015,青岛恒星科技学院,2D,旅游管理,442
3015,青岛恒星科技学院,2G,数字人文,440
3015,青岛恒星科技学院,2H,会计学,458
3320,青岛黄海学院,05,汉语言文学,468
0429,青岛理工大学,01,会计学,570
0429,青岛理工大学,02,财务管理,570
0429,青岛理工大学,03,市场营销,544
0429,青岛理工大学,07,日语,535
0429,青岛理工大学,08,英语,546
0429,青岛理工大学,0B,社会工作,541
3997,青岛农业大学海都学院,01,财务管理,467
0748,青海民族大学,01,经济学,493
0748,青海民族大学,0N,行政管理,486
0746,青海师范大学,07,思想政治教育(师范),540
0003,清华大学,1C,文科试验班类(文科各专业)[社会学(等专业)],663
3811,琼台师范学院,12,学前教育(师范),481
3811,琼台师范学院,14,思想政治教育(师范),518
3811,琼台师范学院,21,特殊教育(师范),493
3811,琼台师范学院,28,英语(师范),498
3811,琼台师范学院,29,汉语言文学(师范),531
3811,琼台师范学院,34,小学教育(中外合作办学)(师范),440
0446,曲阜师范大学,2V,法学,583
0446,曲阜师范大学,2Y,英语,548
0446,曲阜师范大学,4U,学前教育(师范),528
0446,曲阜师范大学,6S,历史学(师范),568
0684,曲靖师范学院,05,思想政治教育(师范),516
0684,曲靖师范学院,13,工商管理,492
0684,曲靖师范学院,14,会计学,511
0684,曲靖师范学院,16,酒店管理,481
1122,三江学院,0A,日语,443
1122,三江学院,0C,时尚传播,451
1122,三江学院,0E,网络与新媒体,462
1122,三江学院,0N,国际经济与贸易,454
1311,三明学院,55,传播学,500
3892,三亚学院,02,法学(自贸港法律),464
3892,三亚学院,04,社会学,443
3892,三亚学院,06,会计学,450
3892,三亚学院,23,网络与新媒体,455
3892,三亚学院,24,艺术管理,437
3892,三亚学院,25,英语,437
3892,三亚学院,29,思想政治教育,437
0456,山东财经大学,01,经济学类(经济学、资源与环境经济学),572
0456,山东财经大学,0A,经济与贸易类(国际经济与贸易、国际商务),574
0456,山东财经大学,0J,会计学,599
0456,山东财经大学,0L,审计学,598
0456,山东财经大学,0M,资产评估,590
0456,山东财经大学,0P,法学,596
0456,山东财经大学,0U,外国语言文学类(英语、法语、日语、商务英语),545
3999,山东财经大学东方学院,01,会计学,492
3999,山东财经大学东方学院,03,审计学,482
3999,山东财经大学东方学院,09,国际经济与贸易,469
3999,山东财经大学东方学院,15,物流管理,468
3999,山东财经大学东方学院,19,新闻学,468
0422,山东大学,01,中国语言文学类(汉语言文学),634
0422,山东大学,02,历史学类(历史学、档案学),618
0422,山东大学,03,哲学类(哲学、宗教学),618
0422,山东大学,07,法学类(法学),635
0422,山东大学,08,经济学类(经世学堂新文科实验班)(经济学、金融学),626
0422,山东大学,09,经济学类(经济学、财政学、金融学、国际经济与贸易),625
0422,山东大学,10,工商管理类(工商管理、会计学),626
0422,山东大学,12,社会学类(社会学、社会工作、人类学),615
0422,山东大学,14,政治学类(政治学与行政学、国际政治),621
9422,山东大学威海分校,03,经济学类[金融学(数智金融方向)、金融学(保险科技方向)、国际经济与贸易(数字贸易方向)],612
9422,山东大学威海分校,04,中国语言文学类[汉语言文学、新闻学(融媒体传播方向)],616
9422,山东大学威海分校,05,法学类(法学),627
1688,山东工商学院,02,英语,521
1688,山东工商学院,08,国际经济与贸易,531
1688,山东工商学院,10,金融学,533
1688,山东工商学院,13,法学,575
1688,山东工商学院,14,广告学,510
1688,山东工商学院,15,会计学,575
1688,山东工商学院,18,社会工作,516
1688,山东工商学院,19,编辑出版学,521
1688,山东工商学院,21,汉语言文学,545
1688,山东工商学院,23,朝鲜语,484
1688,山东工商学院,24,商务英语,501
1688,山东工商学院,25,翻译,495
1688,山东工商学院,51,行政管理,516
1688,山东工商学院,52,劳动与社会保障,514
1688,山东工商学院,53,城市管理,509
1688,山东工商学院,56,慈善管理,506
1688,山东工商学院,AB,信用风险管理与法律防控,534
1688,山东工商学院,B0,金融学(中外合作办学),482
1688,山东工商学院,B1,国际经济与贸易(中外合作办学),472
1688,山东工商学院,B2,会计学(中外合作办学),492
1688,山东工商学院,B3,财务管理(中外合作办学),490
1688,山东工商学院,C9,市场营销(中外合作办学),501
4438,山东管理学院,02,人力资源管理,501
4438,山东管理学院,08,财务管理,526
4438,山东管理学院,10,会计学,536
4438,山东管理学院,11,审计学,535
0449,山东航空学院,12,英语(师范类),516
1510,山东交通学院,55,金融学,513
0424,山东科技大学,06,日语,541
0433,山东理工大学,03,金融学,535
0433,山东理工大学,0A,汉语言文学,547
0433,山东理工大学,0F,网络与新媒体,535
0433,山东理工大学,2C,会计学,560
0433,山东理工大学,39,社会工作(新文科实验班),524
0434,山东农业大学,21,风景园林,524
0434,山东农业大学,71,马克思主义理论,535
2331,山东女子学院,15,商务英语(仅招收英语语种考生),485
2331,山东女子学院,23,市场营销,489
2331,山东女子学院,34,国际经济与贸易,496
4277,山东青年政治学院,03,公共事业管理,492
4277,山东青年政治学院,20,英语,493
0445,山东师范大学,A1,思想政治教育(师范),602
0445,山东师范大学,BL,金融学类(金融学、国际经济与贸易、经济学),562
0445,山东师范大学,C1,法学,601
0445,山东师范大学,D3,学前教育(师范),545
0445,山东师范大学,FL,中国语言文学类(汉语言文学、汉语言),596
0445,山东师范大学,G1,汉语国际教育(师范),577
0445,山东师范大学,H1,英语(师范),594
0445,山东师范大学,H4,阿拉伯语,554
0445,山东师范大学,H5,日语(师范),555
0445,山东师范大学,ML,新闻传播学类(新闻学、网络与新媒体),568
0445,山东师范大学,TL,地理科学类(地理科学、地理信息科学),570
0445,山东师范大学,XL,工商管理类(工商管理、会计学),580
0445,山东师范大学,XV,物流管理(中外合作办学),519
0445,山东师范大学,YL,公共管理类(行政管理、劳动与社会保障),549
3386,山东石油化工学院,21,法学,534
3386,山东石油化工学院,22,汉语言文学,527
3322,山东现代学院,08,学前教育(师范类),465
3322,山东现代学院,09,汉语国际教育,455
3322,山东现代学院,11,财务管理,462
3322,山东现代学院,25,物流管理,458
3324,山东协和学院,33,护理学,471
3324,山东协和学院,38,会计学,473
3324,山东协和学院,39,财务管理,471
3324,山东协和学院,40,审计学,473
0458,山东艺术学院,14,戏剧影视文学,481
0458,山东艺术学院,40,广播电视编导,489
3006,山东英才学院,02,学前教育(师范),439
3006,山东英才学院,19,审计学,437
3006,山东英才学院,22,物流管理,437
3006,山东英才学院,31,护理学,439
4100,山东政法学院,05,法学,588
4100,山东政法学院,08,法学(调解法治实验班),588
4100,山东政法学院,0C,国际经贸规则,564
4100,山东政法学院,0H,审计学,581
4100,山东政法学院,0R,日语,527
4100,山东政法学院,0S,新闻学(法治新闻方向),544
4100,山东政法学院,0Z,养老服务管理,546
0441,山东中医药大学,15,市场营销,517
0441,山东中医药大学,18,公共事业管理,519
0125,山西财经大学,08,农林经济管理,537
0125,山西财经大学,10,财政学,572
0125,山西财经大学,11,金融学,571
0125,山西财经大学,16,商务英语,536
0125,山西财经大学,25,市场营销,540
0125,山西财经大学,29,审计学,593
0125,山西财经大学,31,劳动与社会保障,537
0125,山西财经大学,32,人力资源管理,568
0125,山西财经大学,36,新闻学,539
0125,山西财经大学,38,文化产业管理,539
0125,山西财经大学,40,网络与新媒体,556
0125,山西财经大学,44,人文地理与城乡规划,518
0125,山西财经大学,49,金融学(中外合作办学),527
0125,山西财经大学,50,会计学(中外合作办学),546
4434,山西传媒学院,19,影视摄影与制作,477
4434,山西传媒学院,22,新闻学,494
4434,山西传媒学院,26,数字出版,483
4434,山西传媒学院,37,艺术教育,473
0120,山西大同大学,26,秘书学,489
0120,山西大同大学,47,俄语,480
0108,山西大学,00,汉语言文学,584
0108,山西大学,03,历史学,575
0108,山西大学,05,哲学类(哲学、伦理学),574
0108,山西大学,06,政治学类(政治学与行政学、国际政治),571
0108,山西大学,07,行政管理,567
0108,山西大学,0E,教育学,568
0108,山西大学,0G,法学,597
0108,山西大学,2C,中国语言文学类(文科初民试验班)(汉语言文学、历史学、哲学),583
3691,山西工商学院,20,互联网金融,466
3691,山西工商学院,48,财务管理,471
3538,山西晋中理工学院,01,经济学,464
3538,山西晋中理工学院,15,财务管理,468
0113,山西农业大学,41,农林经济管理,514
0113,山西农业大学,42,国际经济与贸易,500
0113,山西农业大学,51,法学,532
0113,山西农业大学,54,乡村治理,510
0118,山西师范大学,03,社会学,540
0118,山西师范大学,06,教育学(师范),530
0118,山西师范大学,0K,日语(师范),535
0118,山西师范大学,0N,编辑出版学,527
0118,山西师范大学,1J,旅游管理,504
0118,山西师范大学,1R,广播电视编导,521
0114,山西医科大学,01,社会工作,507
0114,山西医科大学,02,运动康复,527
0114,山西医科大学,33,护理学,525
0114,山西医科大学,36,公共事业管理(卫生事业管理方向),515
0114,山西医科大学,37,健康服务与管理,516
0809,山西中医药大学,03,中医学,576
0809,山西中医药大学,04,针灸推拿学,564
3123,陕西国际商贸学院,06,国际经济与贸易,438
3123,陕西国际商贸学院,13,财务管理,454
3123,陕西国际商贸学院,15,审计学,442
3123,陕西国际商贸学院,30,汉语言文学,437
0720,陕西理工大学,10,汉语言文学(师范),557
0720,陕西理工大学,12,英语(师范),545
0720,陕西理工大学,14,历史学(师范),554
0720,陕西理工大学,15,地理科学(师范),539
0720,陕西理工大学,21,电子商务,479
0718,陕西师范大学,0E,中国语言文学类[汉语言文学(师范)、汉语言文学(拔尖基地班)、汉语言文学],629
0718,陕西师范大学,0J,外国语言文学类(非英语)(俄语、日语),606
0718,陕西师范大学,0N,历史学类[历史学(师范)、历史学(新文科班)、世界史、文物与博物馆学、古典文献学],617
4390,陕西学前师范学院,22,人文地理与城乡规划,489
4390,陕西学前师范学院,26,英语(师范),511
4390,陕西学前师范学院,27,翻译,485
0560,汕头大学,01,汉语言文学,582
0560,汕头大学,02,英语,572
0560,汕头大学,04,泰语,532
0560,汕头大学,23,法学,591
0560,汕头大学,25,行政管理,562
0560,汕头大学,34,市场营销(大数据营销),552
0560,汕头大学,37,会计学(法务会计),585
1396,商洛学院,11,文化产业管理,477
0483,商丘师范学院,02,文化产业管理,487
0483,商丘师范学院,18,翻译,480
0483,商丘师范学院,19,日语(师范),498
0483,商丘师范学院,21,社会工作,481
0483,商丘师范学院,42,地理信息科学,499
0483,商丘师范学院,46,广播电视编导,479
0483,商丘师范学院,48,网络与新媒体,504
0272,上海财经大学,01,会计学,640
0272,上海财经大学,06,金融学,644
0272,上海财经大学,08,工商管理类[工商管理(商务分析)、工商管理(战略与创新创业)、市场营销、人力资源管理],635
0272,上海财经大学,0D,财政学类(财政学、税收学),638
0273,上海对外经贸大学,02,国际经济与贸易,602
0273,上海对外经贸大学,06,国际商务(中外合作办学),570
0273,上海对外经贸大学,10,英语(中外合作办学),558
0273,上海对外经贸大学,12,日语(商务方向),579
0273,上海对外经贸大学,30,审计学(注册会计师方向),614
0273,上海对外经贸大学,31,会展经济与管理(中外合作办学),568
0273,上海对外经贸大学,40,国际政治,578
0274,上海海关学院,03,税收学,602
0254,上海海事大学,09,交通管理(国航),596
0254,上海海事大学,11,思想政治教育,590
0254,上海海事大学,19,法学(海商法),614
0264,上海海洋大学,29,国际经济与贸易,574
2799,上海建桥学院,33,新闻学,451
0248,上海交通大学,23,法学试验班(含双学士学位项目)(法学),654
0248,上海交通大学,R2,人文科学试验班(人文学院)[汉语言文学(中外文化交流)],646
0248,上海交通大学,R3,人文科学试验班(国务学院，含双学士学位项目)(行政管理),648
0248,上海交通大学,R4,人文科学试验班(媒传学院，传播方向)(传播学),647
0248,上海交通大学,R6,人文科学试验班(媒传学院，文产管理方向)(文化产业管理),645
0252,上海理工大学,05,经济管理试验班(税收学、金融学、国际经济与贸易、工商管理、会计学、公共事业管理),579
0252,上海理工大学,06,新闻传播学类(广告学、传播学、编辑出版学),573
0252,上海理工大学,0K,日语,566
1047,上海立信会计金融学院,01,会计学,594
1047,上海立信会计金融学院,02,财务管理,580
1047,上海立信会计金融学院,03,审计学,585
1047,上海立信会计金融学院,04,资产评估,579
1047,上海立信会计金融学院,05,金融学,581
1047,上海立信会计金融学院,09,工商管理,574
1047,上海立信会计金融学院,0D,经济学,577
1047,上海立信会计金融学院,0E,国际经济与贸易,566
1047,上海立信会计金融学院,0H,财政学,577
1047,上海立信会计金融学院,0J,税收学,582
1047,上海立信会计金融学院,0U,商务英语,548
1047,上海立信会计金融学院,0V,英语,565
1047,上海立信会计金融学院,0X,保险学,563
1833,上海杉达学院,02,金融学(CFA方向),473
1833,上海杉达学院,0J,英语,471
1833,上海杉达学院,0V,小学教育(师范),462
2050,上海商学院,05,税收学,553
2050,上海商学院,06,金融学,552
2050,上海商学院,0M,酒店管理,524
2050,上海商学院,0W,电子商务(中外合作办学),543
0270,上海师范大学,42,人力资源管理,561
0270,上海师范大学,74,旅游管理类(旅游管理、酒店管理、会展经济与管理),549
0270,上海师范大学,90,广告学(中外合作办学),548
0270,上海师范大学,91,经济学(中外合作办学),546
0270,上海师范大学,93,新闻传播学类(广播电视学、广告学),567
0270,上海师范大学,98,广播电视编导,547
3632,上海视觉艺术学院,22,文化产业管理,460
0271,上海外国语大学,06,法语,624
0271,上海外国语大学,22,商务英语,613
3636,上海外国语大学贤达经济人文学院,01,英语,488
3636,上海外国语大学贤达经济人文学院,11,会计学(双语班),482
3636,上海外国语大学贤达经济人文学院,17,会展经济与管理(双语班),457
3636,上海外国语大学贤达经济人文学院,25,新闻学(双语班),466
0279,上海戏剧学院,21,广播电视编导,592
0279,上海戏剧学院,22,影视摄影与制作,587
1835,上海政法学院,01,法学(卓越法律人才培养创新班),611
1835,上海政法学院,04,法学(刑事司法方向),607
1835,上海政法学院,0N,行政管理,567
1835,上海政法学院,0Y,汉语言文学(文化创意产业方向),592
1835,上海政法学院,10,新闻学(卓越新闻传播人才培养试点班),576
2915,上海中侨职业技术大学,14,护理,453
2915,上海中侨职业技术大学,16,金融科技应用,444
2915,上海中侨职业技术大学,18,企业数字化管理,438
0416,上饶师范学院,E1,英语(师范),512
0416,上饶师范学院,M1,思想政治教育(师范),511
0547,邵阳学院,08,汉语言文学(师范),520
0590,深圳大学,04,新闻学,601
0590,深圳大学,14,法学,621
0590,深圳大学,23,工商管理,606
0590,深圳大学,52,经济学(卓越班),621
0590,深圳大学,56,国际经济与贸易,611
0590,深圳大学,66,汉语言文学,610
0590,深圳大学,96,法语(法英国别与区域),602
4655,深圳技术大学,18,物流管理,569
4655,深圳技术大学,40,商务英语,569
3208,沈阳城市建设学院,02,城乡规划,449
3208,沈阳城市建设学院,03,风景园林,451
3208,沈阳城市建设学院,22,工商管理,437
3208,沈阳城市建设学院,23,会计学,471
3208,沈阳城市建设学院,25,互联网金融,450
3208,沈阳城市建设学院,26,网络与新媒体,441
3220,沈阳城市学院,01,金融学,443
3220,沈阳城市学院,02,法学,467
3220,沈阳城市学院,05,汉语言文学,440
3220,沈阳城市学院,06,汉语国际教育,437
3220,沈阳城市学院,07,英语,441
3220,沈阳城市学院,08,新闻学,438
3220,沈阳城市学院,10,网络与新媒体,437
3220,沈阳城市学院,12,应用心理学,440
3220,沈阳城市学院,28,工商管理,447
3220,沈阳城市学院,29,会计学,448
3220,沈阳城市学院,30,财务管理,438
3220,沈阳城市学院,31,人力资源管理,437
3220,沈阳城市学院,32,健康服务与管理,439
3220,沈阳城市学院,37,广播电视编导,437
1035,沈阳大学,41,汉语言文学,547
1035,沈阳大学,42,法学,555
1035,沈阳大学,64,金融学,532
1035,沈阳大学,65,会计学,549
1035,沈阳大学,66,财务管理,539
1035,沈阳大学,70,汉语言文学(师范类),552
1035,沈阳大学,71,历史学(师范类),535
1035,沈阳大学,76,地理科学(师范类),534
1035,沈阳大学,79,英语(师范类),538
1632,沈阳工程学院,71,物流管理,490
1632,沈阳工程学院,74,财务管理,520
1632,沈阳工程学院,75,物业管理,482
1632,沈阳工程学院,76,保险学,486
1632,沈阳工程学院,77,法学,532
1632,沈阳工程学院,78,社会工作,492
1632,沈阳工程学院,79,能源经济,500
3201,沈阳工学院,B1,会计学,443
3201,沈阳工学院,B2,金融学,437
3201,沈阳工学院,B3,市场营销,437
3201,沈阳工学院,B4,人力资源管理,437
3201,沈阳工学院,B5,物流管理,437
3201,沈阳工学院,D3,时尚传播,453
3201,沈阳工学院,D4,网络与新媒体,437
3201,沈阳工学院,X1,学前教育,437
0142,沈阳工业大学,F1,建筑学,508
0142,沈阳工业大学,G1,国际经济与贸易,520
0142,沈阳工业大学,G2,金融学,534
0142,沈阳工业大学,J1,英语,531
0142,沈阳工业大学,L1,法学,564
0142,沈阳工业大学,U1,电子商务,484
0142,沈阳工业大学,U2,互联网金融,489
0143,沈阳航空航天大学,0L,金融学,528
0143,沈阳航空航天大学,0M,人力资源管理,524
0143,沈阳航空航天大学,0N,国际经济与贸易,519
0143,沈阳航空航天大学,0P,物流管理,542
0149,沈阳化工大学,J1,金融学,520
0149,沈阳化工大学,J2,国际经济与贸易,510
0149,沈阳化工大学,J5,会计学,542
0149,沈阳化工大学,K2,社会工作,497
0149,沈阳化工大学,W1,英语,506
0149,沈阳化工大学,W2,国际经济与贸易(对俄贸易方向),499
0153,沈阳建筑大学,1A,英语,520
3621,沈阳科技学院,0F,金融学,440
3621,沈阳科技学院,0G,互联网金融,437
3621,沈阳科技学院,0J,会计学,442
3621,沈阳科技学院,0K,资产评估,437
3621,沈阳科技学院,0L,审计学,438
3621,沈阳科技学院,0M,网络与新媒体,437
0144,沈阳理工大学,01,金融学,527
0144,沈阳理工大学,02,英语,518
0144,沈阳理工大学,03,俄语,501
0144,沈阳理工大学,39,工商管理,521
0144,沈阳理工大学,40,会计学,553
0157,沈阳农业大学,0L,土地资源管理,532
0157,沈阳农业大学,0P,会计学,562
0157,沈阳农业大学,0Q,市场营销,516
0157,沈阳农业大学,0R,金融学,538
0157,沈阳农业大学,0S,农林经济管理,539
0157,沈阳农业大学,0T,旅游管理,506
0157,沈阳农业大学,0Y,园林,508
0157,沈阳农业大学,0Z,风景园林,527
0166,沈阳师范大学,01,教育学(师范类),544
0166,沈阳师范大学,02,应用心理学(师范类),541
0166,沈阳师范大学,03,汉语言文学(师范类),567
0166,沈阳师范大学,04,汉语国际教育(师范类),543
0166,沈阳师范大学,05,新闻学,533
0166,沈阳师范大学,06,英语(师范类),558
0166,沈阳师范大学,07,英语,551
0166,沈阳师范大学,08,翻译,532
0166,沈阳师范大学,09,法语,517
0166,沈阳师范大学,10,日语,514
0166,沈阳师范大学,11,俄语,525
0166,沈阳师范大学,23,网络与新媒体,533
0166,沈阳师范大学,24,思想政治教育(师范类),563
0166,沈阳师范大学,25,行政管理,525
0166,沈阳师范大学,26,劳动与社会保障,522
0166,沈阳师范大学,28,旅游管理,514
0166,沈阳师范大学,29,历史学(师范类),557
0166,沈阳师范大学,30,酒店管理,506
0166,沈阳师范大学,38,物流管理,496
0166,沈阳师范大学,43,法学,569
0166,沈阳师范大学,44,社会学,533
0166,沈阳师范大学,45,社会工作,530
0166,沈阳师范大学,49,学前教育(师范类),501
0166,沈阳师范大学,50,小学教育(师范类),549
0166,沈阳师范大学,83,德语,513
0166,沈阳师范大学,88,国际经济与贸易,500
0166,沈阳师范大学,89,金融学,504
0166,沈阳师范大学,90,市场营销,498
0166,沈阳师范大学,AB,汉语言文学(师范类)(辽宁省高校专项计划),561
0166,沈阳师范大学,P8,金融学(中外合作办学),484
0166,沈阳师范大学,P9,国际经济与贸易(中外合作办学),477
0166,沈阳师范大学,PA,市场营销(中外合作办学),476
0166,沈阳师范大学,PB,法学(中外合作办学),538
0176,沈阳体育学院,08,运动人体科学,498
0176,沈阳体育学院,09,运动康复,516
0176,沈阳体育学院,0D,新闻学,513
0176,沈阳体育学院,0E,网络与新媒体,510
0176,沈阳体育学院,0F,应用心理学,504
0176,沈阳体育学院,0G,体育经济与管理,489
0164,沈阳医学院,0K,护理学,552
0164,沈阳医学院,0L,助产学,525
0164,沈阳医学院,0P,健康服务与管理,501
0164,沈阳医学院,0Q,养老服务管理,505
0177,沈阳音乐学院,01,艺术史论,478
0177,沈阳音乐学院,64,戏剧影视文学,473
0177,沈阳音乐学院,65,广播电视编导,474
0107,石家庄铁道大学,1D,法学,589
0107,石家庄铁道大学,1F,建筑学,551
0107,石家庄铁道大学,1L,汉语言文学,566
0107,石家庄铁道大学,2C,会计学,569
0107,石家庄铁道大学,2L,英语,554
0107,石家庄铁道大学,4C,物流管理,549
3593,石家庄铁道大学四方学院,20,会计学,493
0038,首都经济贸易大学,18,工商管理类(劳经学院)(社会工作、劳动关系、劳动与社会保障),586
0028,首都师范大学,10,英语,597
0028,首都师范大学,11,俄语,579
0028,首都师范大学,12,德语,586
0028,首都师范大学,15,日语,579
0028,首都师范大学,29,国际经济与贸易,584
3669,四川传媒学院,32,艺术管理,486
3669,四川传媒学院,33,电影学,471
3669,四川传媒学院,35,广播电视编导,466
0610,四川大学,W2,经济学类(国际经济与贸易、经济学、国民经济管理、财政学),624
0610,四川大学,W4,人文科学试验班(中文与新闻传播)(汉语言文学、汉语国际教育、新闻学、广告学、网络与新媒体),631
0610,四川大学,W5,外国语言文学类(含双学士学位)[日语、西班牙语、法语、俄语、英语、英语(英语与法学双学士学位)],626
0610,四川大学,W8,公共管理类(行政管理、劳动与社会保障、土地资源管理、信息资源管理、社会工作),621
4039,四川大学锦江学院,02,国际经济与贸易,461
4039,四川大学锦江学院,09,英语,461
3816,四川工业科技学院,54,财务管理,466
1552,四川旅游学院,32,汉语国际教育,516
0655,四川美术学院,0A,艺术教育,523
0655,四川美术学院,0E,艺术设计学,542
0655,四川美术学院,0F,艺术史论,534
0626,四川农业大学,27,财务管理,594
0626,四川农业大学,29,风景园林,572
0626,四川农业大学,33,人力资源管理,570
0626,四川农业大学,55,汉语言文学,582
0626,四川农业大学,56,英语,573
0626,四川农业大学,58,法学,593
0626,四川农业大学,70,工商管理,572
0622,四川轻化工大学,55,法学,555
0622,四川轻化工大学,59,英语,544
0622,四川轻化工大学,64,汉语言文学,550
0636,四川师范大学,01,汉语言文学(师范),589
0636,四川师范大学,04,法学,593
0636,四川师范大学,05,思想政治教育(师范),578
0636,四川师范大学,07,纪检监察,595
0636,四川师范大学,08,历史学(师范),575
0636,四川师范大学,0A,教育学(师范),557
0636,四川师范大学,0E,心理学(师范),570
0636,四川师范大学,0V,汉语国际教育(师范),567
0636,四川师范大学,10,经济学,576
0636,四川师范大学,12,工商管理,566
0650,四川外国语大学,27,翻译,565
0650,四川外国语大学,28,英语,569
0650,四川外国语大学,29,商务英语,566
0650,四川外国语大学,31,政治学类(外交学、国际政治),566
0650,四川外国语大学,32,国际经济与贸易,567
0650,四川外国语大学,38,审计学,579
0650,四川外国语大学,39,旅游管理,550
0650,四川外国语大学,45,国际新闻与传播,569
0650,四川外国语大学,48,汉语言文学,572
0650,四川外国语大学,49,汉语国际教育,578
0285,苏州大学,02,汉语言文学(师范),625
0285,苏州大学,04,汉语国际教育,610
0285,苏州大学,05,新闻学,612
0285,苏州大学,0D,哲学,608
0285,苏州大学,0T,法学,627
0332,苏州科技大学,0M,工商管理,556
0332,苏州科技大学,1D,历史学(师范),563
0332,苏州科技大学,1E,社会工作,550
0236,绥化学院,05,特殊教育(师范类),519
0236,绥化学院,0A,英语(师范类),501
0236,绥化学院,0V,财务管理,510
0757,塔里木大学,67,马克思主义理论(师范),493
0757,塔里木大学,76,历史学(师范),497
0757,塔里木大学,99,俄语,476
0112,太原理工大学,1H,行政管理,577
0112,太原理工大学,1J,英语,580
0112,太原理工大学,1K,英语(英俄双语方向),577
0112,太原理工大学,1P,会计学,599
0112,太原理工大学,1Q,国际经济与贸易,582
0112,太原理工大学,2E,思想政治教育,593
0119,太原师范学院,05,思想政治教育(师范),543
0119,太原师范学院,15,汉语言文学(师范),547
0119,太原师范学院,20,历史学(师范),533
1242,太原学院,0Q,风景园林,494
1242,太原学院,10,酒店管理,482
1242,太原学院,12,旅游管理与服务教育,486
1242,太原学院,BF,边防军人子女预科班,429
2787,唐山工业职业技术大学,1J,大数据与会计,489
0099,唐山师范学院,07,历史学(师范),514
0099,唐山师范学院,15,秘书学,502
0070,天津财经大学,01,经济学,595
0070,天津财经大学,07,国际经济与贸易,582
0070,天津财经大学,08,法学,600
0070,天津财经大学,0B,商务英语,564
0070,天津财经大学,0N,工商管理类(工商管理、市场营销、人力资源管理),577
0070,天津财经大学,0Q,会计学,603
0070,天津财经大学,0T,审计学,610
0070,天津财经大学,0U,公共管理类(行政管理、劳动与社会保障),575
0070,天津财经大学,0W,物流管理,573
0070,天津财经大学,53,金融学类(保险学、投资学、信用管理),588
0070,天津财经大学,54,金融学,580
4087,天津财经大学珠江学院,04,国际经济与贸易,473
4087,天津财经大学珠江学院,16,会计学,499
4087,天津财经大学珠江学院,17,审计学,485
0792,天津城建大学,51,建筑学,529
0792,天津城建大学,52,城乡规划,525
0792,天津城建大学,53,风景园林,525
0792,天津城建大学,54,土地资源管理,528
0792,天津城建大学,55,城市管理,527
0792,天津城建大学,56,投资学,524
0056,天津大学,0E,建筑学(中外合作办学)(5年制),606
0056,天津大学,0P,法学,632
0056,天津大学,26,建筑类[城乡规划、风景园林、建筑学(5年制)],611
0058,天津工业大学,39,英语,567
0058,天津工业大学,C1,金融学,575
0058,天津工业大学,C3,工商管理,573
0058,天津工业大学,C4,会计学,594
0057,天津科技大学,41,财务管理,577
0057,天津科技大学,48,英语,561
0057,天津科技大学,49,日语,544
3897,天津理工大学中环信息学院,0J,财务管理,479
3897,天津理工大学中环信息学院,0K,物流管理,472
3897,天津理工大学中环信息学院,0L,人力资源管理,471
0061,天津农学院,W3,会计学,547
0061,天津农学院,W4,农林经济管理,519
0061,天津农学院,W6,英语,539
0061,天津农学院,W8,文化产业管理,518
4038,天津仁爱学院,30,法学,490
4038,天津仁爱学院,31,英语,439
4038,天津仁爱学院,32,商务英语,458
4038,天津仁爱学院,33,财务管理,466
4038,天津仁爱学院,34,传播学,453
0069,天津商业大学,01,经济学类(经济学、财政学、金融学、信用管理、国际经济与贸易),559
0069,天津商业大学,03,旅游管理类(旅游管理、酒店管理),528
0069,天津商业大学,06,法学,580
0069,天津商业大学,10,英语,548
0069,天津商业大学,11,日语,533
0069,天津商业大学,H2,财务管理(中外合作办学),548
3660,天津商业大学宝德学院,01,英语,471
3660,天津商业大学宝德学院,02,日语,474
3660,天津商业大学宝德学院,04,工商管理类(工商管理、市场营销、人力资源管理),477
3660,天津商业大学宝德学院,05,物流管理,473
3660,天津商业大学宝德学院,07,金融学,482
3660,天津商业大学宝德学院,09,电子商务,473
3660,天津商业大学宝德学院,10,会计学,505
3660,天津商业大学宝德学院,11,财务管理,496
3660,天津商业大学宝德学院,A4,戏剧影视文学,457
3660,天津商业大学宝德学院,A5,广播电视编导,463
0065,天津师范大学,01,汉语言文学(师范),603
0065,天津师范大学,16,小学教育(师范),565
0065,天津师范大学,25,法学,604
0065,天津师范大学,27,英语(师范),589
0065,天津师范大学,65,档案学,580
0071,天津体育学院,13,应用心理学,523
0071,天津体育学院,24,体育经济与管理,526
0071,天津体育学院,27,学前教育,474
0859,天津天狮学院,01,金融学类(金融学、保险学),463
0859,天津天狮学院,02,汉语国际教育,456
0859,天津天狮学院,03,英语,464
0859,天津天狮学院,15,工商管理类(市场营销、财务管理、国际商务、人力资源管理、审计学),466
0859,天津天狮学院,16,劳动与社会保障,456
0859,天津天狮学院,17,电子商务,456
0068,天津外国语大学,01,外国语言文学类(英语类)(英语、商务英语、翻译),577
0068,天津外国语大学,02,日语,567
0068,天津外国语大学,03,俄语,573
0068,天津外国语大学,0E,希腊语,569
0068,天津外国语大学,0G,阿拉伯语,569
0068,天津外国语大学,0N,豪萨语,555
0068,天津外国语大学,0U,经济学,575
0068,天津外国语大学,0V,工商管理类(国际商务、会计学、财务管理、人力资源管理),579
0068,天津外国语大学,13,法学,579
0068,天津外国语大学,15,外交学,585
0068,天津外国语大学,16,国际组织与全球治理,570
0068,天津外国语大学,17,汉语国际教育,575
3658,天津外国语大学滨海外事学院,06,日语,472
3658,天津外国语大学滨海外事学院,07,朝鲜语,465
3658,天津外国语大学滨海外事学院,17,广告学,473
0062,天津医科大学,1Z,护理学,503
3661,天津医科大学临床医学院,09,健康服务与管理,481
0066,天津职业技术师范大学,72,英语(师范),565
0066,天津职业技术师范大学,74,日语,494
0066,天津职业技术师范大学,76,俄语,496
0066,天津职业技术师范大学,94,人力资源管理,533
2105,天津中德应用技术大学,0K,物流管理,491
0063,天津中医药大学,02,工商管理类[市场营销、市场营销(国际营销班)],563
0063,天津中医药大学,03,公共管理类(公共事业管理、劳动与社会保障、健康服务与管理),556
0063,天津中医药大学,05,传播学,569
0739,天水师范大学,17,英语(师范),505
0739,天水师范大学,1H,商务英语,485
0739,天水师范大学,1M,历史学(师范),508
0202,通化师范学院,37,财务管理,508
0202,通化师范学院,38,物业管理,480
0202,通化师范学院,95,互联网金融,484
0247,同济大学,34,人文科学试验班[传播学、德语、英语(数智人文)、日语、哲学、文化产业管理、汉语言文学],636
0247,同济大学,39,政治学与行政学,635
1067,潍坊学院,33,英语(师范),529
1067,潍坊学院,47,历史学(师范),522
1067,潍坊学院,50,汉语言文学(师范),544
0723,渭南师范学院,36,学前教育(中外合作办学)(师范),461
0723,渭南师范学院,71,朝鲜语,474
0351,温州大学,05,法学,595
0351,温州大学,22,日语,546
6405,温州肯恩大学,21,经济学(中外合作办学),537
6405,温州肯恩大学,22,金融学(中外合作办学)(国际金融方向),543
6405,温州肯恩大学,24,会计学(中外合作办学)(国际会计方向),549
6405,温州肯恩大学,25,市场营销(中外合作办学)(国际方向),537
6405,温州肯恩大学,27,心理学(中外合作办学),535
6405,温州肯恩大学,28,传播学(中外合作办学),547
3571,无锡太湖学院,01,金融学,465
3571,无锡太湖学院,10,财务管理,466
3982,无锡学院,32,会计学,562
1354,梧州学院,08,英语,478
1354,梧州学院,09,商务英语,478
1354,梧州学院,10,国际经济与贸易,479
1354,梧州学院,14,工商管理,480
2310,武昌理工学院,02,法学,492
2310,武昌理工学院,03,汉语言文学,488
3235,武汉城市学院,66,会计学,475
3235,武汉城市学院,6E,城乡规划,476
0486,武汉大学,A3,文科试验班类(汉语言文学、历史学、哲学、心理学、国际经济与贸易、金融学、经济学、国际法),645
0486,武汉大学,B7,新闻传播学类(国际传播、智能传播试验班)(广播电视学、传播学),643
0486,武汉大学,C1,中国语言文学类(汉语言文学、汉语国际教育),643
0486,武汉大学,C3,历史学类(历史学、世界史、考古学),639
0486,武汉大学,D3,法学,650
0486,武汉大学,E3,社会学(知行试验班),637
0495,武汉纺织大学,1H,税收学,557
0490,武汉工程大学,0Y,会计学(含大数据会计、智能财务方向),576
0490,武汉工程大学,16,法学类[法学、法学(数字纪检方向)],582
0490,武汉工程大学,19,经济学(大数据金融方向),564
0490,武汉工程大学,1A,经济学(CFA国际特许金融分析师方向),561
0488,武汉科技大学,0C,工商管理类[会计学(智能会计与智慧财务方向)、工商管理(数智运营管理、数智人资管理方向)、市场营销(大数据与智能营销方向)],576
0497,武汉理工大学,33,工商管理类(人力资源管理、工商管理、会计学、创业管理),595
0497,武汉理工大学,34,经济学类(经济学、金融学),601
0497,武汉理工大学,39,外国语言文学类(英语、法语),591
0497,武汉理工大学,41,法学类(法学、社会工作),607
0497,武汉理工大学,42,网络与新媒体,594
2362,武汉生物工程学院,04,汉语言文学,470
2362,武汉生物工程学院,05,网络与新媒体,464
2362,武汉生物工程学院,06,英语,463
0522,武汉体育学院,0T,广播电视编导,481
3634,武汉学院,0C,税收学,475
3634,武汉学院,1E,供应链管理(智能制造供应链方向),470
3634,武汉学院,1F,供应链管理(数字电商供应链方向),468
3634,武汉学院,1N,会计学(数智会计),484
0397,武夷学院,06,旅游管理,498
0397,武夷学院,40,国际经济与贸易,511
1560,西安财经大学,05,保险学,551
1560,西安财经大学,19,审计学,575
2714,西安翻译学院,08,英语,449
2714,西安翻译学院,15,翻译,451
0709,西安工程大学,05,广播电视编导,525
3682,西安工商学院,08,财务管理,451
3682,西安工商学院,09,会计学,465
3682,西安工商学院,15,汉语言文学,464
0702,西安工业大学,41,汉语言文学,572
3679,西安建筑科技大学华清学院,35,建筑学,461
3679,西安建筑科技大学华清学院,37,风景园林,437
3679,西安建筑科技大学华清学院,40,经济学,463
0698,西安交通大学,0A,文科试验班类(哲学、社会学、汉语言文学),632
0698,西安交通大学,0B,外国语言文学类(语言数据复合人才培养)[英语(语言数据方向)、英语(英俄方向)],626
0698,西安交通大学,0D,法学试验班[法学(卓越复合班)、法学(法学、英语双学位项目)],635
0698,西安交通大学,0F,公共管理类(行政管理、劳动与社会保障),624
3677,西安交通大学城市学院,07,经济学类(财政学、金融学),464
3677,西安交通大学城市学院,10,会计学,468
4042,西安科技大学高新学院,13,英语,442
4042,西安科技大学高新学院,14,财务管理,458
2712,西安欧亚学院,02,金融学,463
2712,西安欧亚学院,04,教育学,453
2712,西安欧亚学院,09,网络与新媒体,453
0705,西安石油大学,12,工商管理类(会计学、财务管理、人力资源管理),558
0705,西安石油大学,13,汉语言文学,567
0705,西安石油大学,14,新闻学,542
0705,西安石油大学,16,俄语,521
0724,西安外国语大学,00,经济学,564
0724,西安外国语大学,03,国际经济与贸易,565
0724,西安外国语大学,07,汉语国际教育,566
0724,西安外国语大学,08,英语,580
0724,西安外国语大学,09,俄语,564
0724,西安外国语大学,11,德语,570
0724,西安外国语大学,13,法语,572
0724,西安外国语大学,14,西班牙语,591
0724,西安外国语大学,16,日语,571
0724,西安外国语大学,20,会计学,587
0724,西安外国语大学,23,旅游管理,538
0724,西安外国语大学,25,朝鲜语,514
0724,西安外国语大学,34,意大利语,568
0724,西安外国语大学,36,翻译,578
0724,西安外国语大学,37,商务英语,566
0724,西安外国语大学,TU,汉语言文学(师范),596
1080,西安文理学院,37,历史学(师范),528
1080,西安文理学院,38,旅游管理,507
1840,西安医学院,16,护理学,525
1664,西安邮电大学,BF,边防军人子女预科班,519
0697,西北大学,06,哲学,596
0697,西北大学,09,法学,609
0697,西北大学,11,考古学,621
0697,西北大学,13,英语,592
0697,西北大学,14,中国语言文学类(汉语言文学、汉语国际教育),605
0697,西北大学,18,公共管理类(行政管理、人力资源管理、劳动与社会保障),594
0697,西北大学,19,档案学,592
0699,西北工业大学,23,工商管理类(管理试验班)(工商管理、会计学),616
0699,西北工业大学,24,经济与贸易类(国贸、法学、行管)(国际经济与贸易、法学、行政管理),616
0699,西北工业大学,25,外国语言文学类(英语、德语),608
0742,西北民族大学,91,少数民族预科班,498
0742,西北民族大学,P1,财务管理,520
0742,西北民族大学,P2,工商管理,503
0742,西北民族大学,P4,应用心理学,541
0742,西北民族大学,P7,金融学,495
0742,西北民族大学,P9,法学,546
0742,西北民族大学,PB,旅游管理,485
0742,西北民族大学,PC,历史学,531
0742,西北民族大学,PF,社会学,501
0742,西北民族大学,PG,阿拉伯语,482
0742,西北民族大学,PH,俄语,481
0742,西北民族大学,PJ,英语,503
0742,西北民族大学,PP,新闻传播学类(新闻学、广告学),497
0742,西北民族大学,PQ,中国少数民族语言文学(零基础I),487
0742,西北民族大学,PR,中国少数民族语言文学(零基础II),479
0742,西北民族大学,PT,汉语言文学,547
0712,西北农林科技大学,03,法学,614
0712,西北农林科技大学,04,社会学类(社会学、社会工作),595
0712,西北农林科技大学,05,公共管理类(公共事业管理、劳动与社会保障),596
0712,西北农林科技大学,06,英语,597
0712,西北农林科技大学,07,汉语国际教育,600
0712,西北农林科技大学,08,俄语,594
0712,西北农林科技大学,09,工商管理类(会计学、工商管理、农林经济管理、土地资源管理、市场营销),615
0736,西北师范大学,03,汉语言文学(师范),579
0736,西北师范大学,04,日语,520
0736,西北师范大学,25,思想政治教育(师范),570
0736,西北师范大学,32,英语(师范),558
0726,西北政法大学,00,哲学,581
0726,西北政法大学,04,经济学类(经济学、金融学、国际经济与贸易),587
0726,西北政法大学,05,法学(民商法),626
0726,西北政法大学,06,法学(经济法),625
0726,西北政法大学,07,法学(刑事法),624
0726,西北政法大学,08,法学(行政法),623
0726,西北政法大学,09,法学(涉外法治),624
0726,西北政法大学,10,法学(反恐怖主义法),621
0726,西北政法大学,26,财务管理,601
0628,西昌学院,07,小学教育(师范),484
0623,西华大学,37,日语,542
0623,西华大学,54,工商管理,548
0623,西华大学,BF,边防军人子女预科班,483
6302,西交利物浦大学,34,工商管理类(中外合作办学)[会计学(中外合作办学)、工商管理(中外合作办学)、人力资源管理(中外合作办学)、国际商务(中外合作办学)、市场营销(中外合作办学)、供应链管理(中外合作办学)、经济与金融(中外合作办学)、经济学(中外合作办学)],562
6302,西交利物浦大学,38,外国语言文学类(中外合作办学)[英语(中外合作办学)、翻译(中外合作办学)],555
0651,西南财经大学,08,金融学类[金融学、金融学(证券与期货方向)、金融学(双语实验班)、信用管理、投资学],619
0651,西南财经大学,11,工商管理类(会计学院)[会计学(大数据会计)、财务管理、审计学],630
0651,西南财经大学,12,会计学(注册会计师专门化方向),636
0651,西南财经大学,13,会计学(双语实验班),628
0651,西南财经大学,16,工商管理类[工商管理、工商管理(双语实验班)、市场营销、旅游管理、供应链管理、人力资源管理],603
0651,西南财经大学,17,财政学类(财政学、税收学),618
0651,西南财经大学,18,经济与贸易类[国际商务(双语实验班)、国际经济与贸易(双语实验班)],622
0651,西南财经大学,19,金融学(经管国际化创新实验班),624
0651,西南财经大学,23,法学(法学与会计学双学位),633
0651,西南财经大学,25,法学(法学与国商双学位),630
4037,西南财经大学天府学院,01,会计学,483
0635,西南大学,13,中国语言文学类(汉语言文学、汉语国际教育),622
0635,西南大学,23,俄语,598
0613,西南交通大学,62,法学,616
0613,西南交通大学,64,公共事业管理,599
0613,西南交通大学,65,思想政治教育,606
0613,西南交通大学,69,外国语言文学类(英语、翻译、日语、德语、法语),595
0619,西南科技大学,35,应用心理学,529
0619,西南科技大学,36,思想政治教育,553
0619,西南科技大学,44,日语,513
0656,西南民族大学,02,法学,594
0656,西南民族大学,04,社会学类(社会学、社会工作),543
0656,西南民族大学,07,日语,542
0656,西南民族大学,08,历史学类(历史学、文物与博物馆学),561
0656,西南民族大学,09,旅游管理,541
0656,西南民族大学,10,经济学,555
0656,西南民族大学,11,财政学,566
0656,西南民族大学,12,金融学,552
0656,西南民族大学,14,国际经济与贸易,551
0656,西南民族大学,15,学前教育(师范),533
0656,西南民族大学,17,汉语言文学,575
0656,西南民族大学,20,网络与新媒体,556
0656,西南民族大学,23,财务管理,566
0656,西南民族大学,24,人力资源管理,554
0656,西南民族大学,27,行政管理,547
0656,西南民族大学,60,中国少数民族语言文学(师范),492
0656,西南民族大学,61,中国少数民族语言文学(师范),463
0652,西南政法大学,03,法学(中外合作办学),616
0652,西南政法大学,04,法学,632
0652,西南政法大学,07,知识产权,628
0652,西南政法大学,10,工商管理类(会计学、审计学、工商管理、劳动关系、电子商务及法律),603
0652,西南政法大学,22,新闻传播学类(新闻学、广播电视学、网络与新媒体、国际新闻与传播、传播学),600
0652,西南政法大学,24,法学,632
0652,西南政法大学,27,政治学与行政学,609
0652,西南政法大学,28,国际事务与国际关系,602
0652,西南政法大学,30,思想政治教育,598
0652,西南政法大学,32,海外利益安全,622
0694,西藏大学,16,行政管理,555
0693,西藏农牧学院,10,农林经济管理,473
0693,西藏农牧学院,11,农村区域发展,482
0693,西藏农牧学院,12,旅游管理,469
0384,厦门大学,01,人文科学试验班(汉语言文学、汉语言、历史学、考古学、哲学、戏剧影视文学),637
0384,厦门大学,02,新闻传播学类(国际传播、智能广告与数字新闻)(新闻学、广告学、传播学、国际新闻与传播),634
0384,厦门大学,05,法学(含涉外法治人才基地实验班),642
0384,厦门大学,06,公共管理类(含双学士学位项目)(政治学与行政学、行政管理、国际政治、马克思主义理论),633
0384,厦门大学,07,社会学类(社会学、人类学),625
0384,厦门大学,09,经济学类(含双学士学位项目)(金融学、财政学、税收学、国际经济与贸易、经济学),640
0384,厦门大学,12,会计学(会计、财务、审计，含双学士学位项目),650
0384,厦门大学,M0,汉语言文学(厦门大学马来西亚分校招生专业),598
0384,厦门大学,M2,金融学(厦门大学马来西亚分校招生专业),615
0384,厦门大学,MG,英语(厦门大学马来西亚分校招生专业),596
0384,厦门大学,MN,传播学(厦门大学马来西亚分校招生专业),601
3469,厦门大学嘉庚学院,02,税收学,480
3469,厦门大学嘉庚学院,04,国际经济与贸易,482
3469,厦门大学嘉庚学院,07,英语,475
3469,厦门大学嘉庚学院,37,会计学,499
3115,厦门工学院,26,传播学,455
3115,厦门工学院,31,汉语言文学,466
1062,厦门理工学院,04,汉语国际教育,537
1062,厦门理工学院,1V,财务管理,535
0722,咸阳师范学院,21,经济学,501
0722,咸阳师范学院,29,日语(师范),490
X012,香港珠海学院,01,文学与社会科学院(中国文学；传播及数码媒体；犯罪学及刑事司法),459
X012,香港珠海学院,02,商学院(会计及银行；工商管理学；财务金融学；金融及资讯管理学),437
0545,湘南学院,14,汉语言文学(师范),534
0545,湘南学院,16,英语(师范),516
0545,湘南学院,18,商务英语,503
0545,湘南学院,F5,思想政治教育,518
0530,湘潭大学,01,哲学,571
0530,湘潭大学,03,历史学,574
0530,湘潭大学,05,思想政治教育,585
0530,湘潭大学,09,经济学,576
0530,湘潭大学,13,会计学,594
0530,湘潭大学,17,公共管理类(韶峰班)(行政管理),573
0530,湘潭大学,24,法学,607
0530,湘潭大学,27,汉语言文学,595
0530,湘潭大学,28,新闻学,576
0530,湘潭大学,30,英语,569
0766,新疆财经大学,01,金融学,511
0766,新疆财经大学,04,保险学,484
0766,新疆财经大学,11,市场营销,480
0766,新疆财经大学,13,会计学,556
0766,新疆财经大学,14,财务管理,536
0766,新疆财经大学,15,审计学,556
0766,新疆财经大学,16,经济学,510
0766,新疆财经大学,18,财政学,514
0766,新疆财经大学,19,税收学,532
0766,新疆财经大学,20,行政管理,484
0766,新疆财经大学,24,国际经济与贸易,500
0766,新疆财经大学,27,法学,547
0766,新疆财经大学,28,新闻学,494
0766,新疆财经大学,29,网络与新媒体,498
0766,新疆财经大学,35,汉语言文学,515
0766,新疆财经大学,36,汉语国际教育,495
0766,新疆财经大学,T1,旅游管理,485
0766,新疆财经大学,T2,酒店管理,470
0766,新疆财经大学,T3,国际商务,471
0755,新疆大学,01,思想政治教育,573
0755,新疆大学,1U,法学,592
0755,新疆大学,28,法学,587
0755,新疆大学,2C,汉语言文学,582
0755,新疆大学,2Y,历史学,563
0755,新疆大学,3Q,英语,561
0765,新疆和田学院,01,思想政治教育(师范),482
0765,新疆和田学院,04,小学教育(师范),481
0765,新疆和田学院,05,学前教育(师范),471
0765,新疆和田学院,11,汉语言文学(师范),483
3561,新疆科技学院,04,税收学,475
3561,新疆科技学院,05,金融学,478
3561,新疆科技学院,06,国际经济与贸易,470
3561,新疆科技学院,09,人力资源管理,472
3561,新疆科技学院,10,市场营销,470
3561,新疆科技学院,12,法学,514
3561,新疆科技学院,13,新闻学,474
3561,新疆科技学院,14,旅游管理,471
3561,新疆科技学院,30,护理学,489
3561,新疆科技学院,33,养老服务管理,470
3561,新疆科技学院,34,健康服务与管理,470
3558,新疆理工学院,1H,国际经济与贸易,479
3558,新疆理工学院,1K,工商管理,473
3558,新疆理工学院,1M,市场营销,469
3558,新疆理工学院,1P,旅游管理,470
3558,新疆理工学院,1R,物流管理,473
3558,新疆理工学院,1T,法学,494
3558,新疆理工学院,1V,社会工作,472
3558,新疆理工学院,1X,英语,475
3558,新疆理工学院,1Z,商务英语,473
3558,新疆理工学院,HA,俄语,472
0758,新疆农业大学,0A,经济与贸易类(国际经济与贸易),470
0758,新疆农业大学,1G,中国少数民族语言文学(维吾尔语言),467
0758,新疆农业大学,1S,英语,486
0758,新疆农业大学,HC,工商管理类(会计学、人力资源管理、市场营销),476
0758,新疆农业大学,JJ,农林经济管理,477
0758,新疆农业大学,JU,公共事业管理,475
0758,新疆农业大学,K4,土地资源管理,476
0758,新疆农业大学,KE,城市管理,474
0762,新疆师范大学,01,思想政治教育(师范),534
0762,新疆师范大学,15,公共事业管理,500
0762,新疆师范大学,19,法学,540
0762,新疆师范大学,21,纪检监察,563
0762,新疆师范大学,23,政治学与行政学,509
0762,新疆师范大学,25,历史学(师范),529
0762,新疆师范大学,27,文物与博物馆学,517
0762,新疆师范大学,29,社会工作,488
0762,新疆师范大学,31,民族学,508
0762,新疆师范大学,35,小学教育(师范),520
0762,新疆师范大学,37,特殊教育(师范),533
0762,新疆师范大学,39,学前教育(师范),488
0762,新疆师范大学,43,汉语言文学(师范),543
0762,新疆师范大学,46,中国少数民族语言文学(维吾尔语言),471
0762,新疆师范大学,47,英语(师范),532
0762,新疆师范大学,49,俄语,480
0762,新疆师范大学,51,日语,483
0762,新疆师范大学,53,翻译,486
0762,新疆师范大学,55,乌尔都语,462
0762,新疆师范大学,63,汉语国际教育,520
3727,新疆天山职业技术大学,4Z,建筑装饰工程,456
3727,新疆天山职业技术大学,56,民航运输服务与管理,459
3727,新疆天山职业技术大学,5D,财税大数据应用,448
3727,新疆天山职业技术大学,5F,大数据与会计,460
3727,新疆天山职业技术大学,5H,国际经济与贸易,447
3727,新疆天山职业技术大学,5K,电子商务,456
3727,新疆天山职业技术大学,5M,现代物流管理,447
3727,新疆天山职业技术大学,5P,旅游管理,446
3727,新疆天山职业技术大学,5R,全媒体新闻采编与制作,447
3727,新疆天山职业技术大学,5T,学前教育,444
3727,新疆天山职业技术大学,5V,应用俄语,443
3727,新疆天山职业技术大学,8T,财税大数据应用,451
3727,新疆天山职业技术大学,8V,国际经济与贸易,439
3727,新疆天山职业技术大学,8X,电子商务,444
3727,新疆天山职业技术大学,8Z,现代物流管理,438
3727,新疆天山职业技术大学,91,旅游管理,441
3727,新疆天山职业技术大学,93,全媒体新闻采编与制作,438
3727,新疆天山职业技术大学,95,应用俄语,444
3628,新疆政法学院,13,跨境电子商务,470
3628,新疆政法学院,33,信用风险管理与法律防控,509
3628,新疆政法学院,43,国际法,507
3628,新疆政法学院,53,应用语言学,479
3628,新疆政法学院,63,俄语,469
3628,新疆政法学院,A3,法学,517
3628,新疆政法学院,B3,汉语言文学,500
3628,新疆政法学院,C3,工商管理,480
3628,新疆政法学院,D3,公共事业管理,488
3628,新疆政法学院,E3,国际经济与贸易,480
3628,新疆政法学院,G3,英语,477
3628,新疆政法学院,H3,监狱学,508
3628,新疆政法学院,J3,社区矫正,501
3628,新疆政法学院,K3,财务管理,500
3628,新疆政法学院,L3,学前教育,485
3628,新疆政法学院,M3,司法警察学,507
3628,新疆政法学院,P3,经济学,492
3628,新疆政法学院,Q3,历史学,492
3628,新疆政法学院,R3,政治学与行政学,492
3628,新疆政法学院,U3,国家安全学,514
3628,新疆政法学院,X3,汉语国际教育,483
1071,新乡学院,02,汉语国际教育(师范),500
1071,新乡学院,03,外国语言文学类(英语、商务英语),486
0104,邢台学院,0M,地理信息科学,491
0104,邢台学院,13,会计学,521
0104,邢台学院,15,物流管理,479
1053,徐州工程学院,09,朝鲜语,492
1053,徐州工程学院,14,电子商务,509
0480,许昌学院,A3,戏剧影视文学,477
1066,烟台大学,01,汉语言文学,566
1066,烟台大学,02,新闻学,557
1066,烟台大学,06,英语,548
1066,烟台大学,08,日语,545
1066,烟台大学,BF,边防军人子女预科班,556
4002,烟台科技学院,H1,广告学,463
4002,烟台科技学院,K1,会计学,470
3359,烟台理工学院,01,法学,507
3359,烟台理工学院,02,汉语言文学,482
3359,烟台理工学院,11,人力资源管理,448
3359,烟台理工学院,16,日语,465
3359,烟台理工学院,17,健康服务与管理,459
2332,烟台南山学院,A6,英语,465
2332,烟台南山学院,B5,工商管理,460
2332,烟台南山学院,C2,供应链管理,463
0719,延安大学,AB,新闻学,528
0719,延安大学,EC,日语,509
0719,延安大学,MA,教育学(师范),524
0184,延边大学,25,新闻学,569
0184,延边大学,26,中国语言文学类(汉语国际教育、汉语言、汉语言文学),576
0184,延边大学,27,法学,551
0184,延边大学,36,工商管理,570
0184,延边大学,38,经济学类(经济学、国际经济与贸易),567
0184,延边大学,39,农林经济管理,563
0184,延边大学,40,旅游管理,557
0184,延边大学,41,地理科学类(地理科学、地理信息科学),576
0184,延边大学,52,历史学,537
0184,延边大学,56,教育学类(小学教育、学前教育)(师范),500
0184,延边大学,58,心理学(师范),562
0184,延边大学,62,中国少数民族语言文学,506
0184,延边大学,63,俄语,554
0184,延边大学,91,少数民族预科班,545
0184,延边大学,G1,日语,470
0184,延边大学,L2,英语,444
0184,延边大学,LE,经济学(中外合作办学),547
0324,盐城师范学院,01,汉语言文学(师范),522
0324,盐城师范学院,03,广播电视学,502
0216,燕山大学,01,经济与金融,565
0216,燕山大学,02,法学,589
0216,燕山大学,03,马克思主义理论,566
0216,燕山大学,06,汉语言文学,580
0216,燕山大学,07,汉语国际教育,565
0216,燕山大学,08,外国语言文学类(英语、翻译),559
0216,燕山大学,35,工商管理类(工商管理、会计学、旅游管理、电子商务),568
0216,燕山大学,72,马克思主义理论(师范),567
1117,扬州大学,0M,日语,560
1117,扬州大学,2M,经济学,582
1117,扬州大学,3Y,汉语言文学(师范),613
1117,扬州大学,4C,法学,604
1117,扬州大学,CC,传播学,578
3987,扬州大学广陵学院,01,法学,518
3987,扬州大学广陵学院,04,日语,469
3987,扬州大学广陵学院,08,会计学,496
3987,扬州大学广陵学院,09,财务管理,490
1784,仰恩大学,26,人力资源管理,451
0764,伊犁师范大学,5A,汉语言文学(师范),498
0764,伊犁师范大学,5J,汉语国际教育(师范),483
0764,伊犁师范大学,7A,俄语,472
0764,伊犁师范大学,B1,旅游管理,473
0417,宜春学院,B2,知识产权,523
0417,宜春学院,Q1,思想政治教育(师范),514
4435,营口理工学院,0Q,物流管理,476
4435,营口理工学院,0S,供应链管理,482
0606,玉林师范学院,E2,日语,474
1390,玉溪师范学院,03,思想政治教育(师范),502
1390,玉溪师范学院,04,汉语言文学(师范),522
2658,岳阳学院,0A,会计学,456
2658,岳阳学院,0C,电子商务,437
2658,岳阳学院,0D,旅游管理,454
2658,岳阳学院,0F,汉语言文学,468
2658,岳阳学院,0J,体育教育(师范),437
0689,云南财经大学,02,金融学,546
0689,云南财经大学,38,人力资源管理,524
0689,云南财经大学,46,会计学,571
0689,云南财经大学,4U,供应链管理,518
0689,云南财经大学,7T,行政管理,512
0689,云南财经大学,9B,国际经贸规则,531
0673,云南大学,0D,哲学,587
0673,云南大学,0F,法学,606
0673,云南大学,0J,社会工作,579
0673,云南大学,0N,汉语言文学,599
0673,云南大学,0P,英语,587
0673,云南大学,0X,新闻学,584
0673,云南大学,0Z,历史学,604
0673,云南大学,1W,行政管理,583
0673,云南大学,1Y,信息资源管理,572
0673,云南大学,2A,马克思主义理论,592
0691,云南民族大学,02,政治学与行政学,523
0681,云南师范大学,09,社会学,523
0681,云南师范大学,43,学前教育(师范),523
0681,云南师范大学,46,金融学,528
0681,云南师范大学,96,西班牙语,518
0690,云南艺术学院,91,艺术管理,482
0690,云南艺术学院,92,非物质文化遗产保护,492
0690,云南艺术学院,93,戏剧学,477
0690,云南艺术学院,94,戏剧影视文学,507
0690,云南艺术学院,95,广播电视编导,483
4226,运城职业技术大学,0J,护理,476
4226,运城职业技术大学,0K,康复治疗,472
4226,运城职业技术大学,0L,大数据与财务管理,471
4226,运城职业技术大学,0M,现代物流管理,469
4226,运城职业技术大学,0N,旅游管理,469
3021,浙大城市学院,20,财务管理,558
3021,浙大城市学院,21,工商管理,550
1482,浙江财经大学,46,金融学(中外合作办学),568
1482,浙江财经大学,62,汉语言文学,590
1647,浙江传媒学院,26,广播电视编导,582
1647,浙江传媒学院,27,数字媒体艺术,594
1647,浙江传媒学院,28,摄影,563
1647,浙江传媒学院,29,戏剧影视文学,579
1647,浙江传媒学院,30,编辑出版学,565
1647,浙江传媒学院,32,英语,566
1647,浙江传媒学院,33,传播学(中外合作办学),566
1647,浙江传媒学院,43,文化产业管理,577
1647,浙江传媒学院,44,网络与新媒体,581
1647,浙江传媒学院,45,广告学,565
1647,浙江传媒学院,46,会展经济与管理,564
1647,浙江传媒学院,47,公共关系学,554
1647,浙江传媒学院,49,汉语言文学,581
1647,浙江传媒学院,52,广播电视学,584
1647,浙江传媒学院,53,新闻学,581
1647,浙江传媒学院,54,传播学,580
0335,浙江大学,1A,人文科学试验班(古典文献学、汉语言文学、哲学、历史学、文物与博物馆学、考古学),646
0335,浙江大学,1B,新闻传播学类(含智能与国际传播创新班)(新闻学、传播学),644
0335,浙江大学,2A,社会科学试验班(含数字金融双学士学位项目)(经济学、财政学、金融学、国际经济与贸易、教育学、会计学、工商管理、社会学、农林经济管理、行政管理、劳动与社会保障、土地资源管理、法学),648
0335,浙江大学,2C,社会科学试验班(数字法治卓越班)(法学),653
0335,浙江大学,2F,社会科学试验班(数字公共治理荣誉项目班)(行政管理),649
0353,浙江工商大学,35,新闻传播学类(广告学、新闻学、网络与新媒体),585
0353,浙江工商大学,42,公共管理类(慈善管理、行政管理、土地资源管理、文化产业管理),581
0353,浙江工商大学,56,历史学,566
3290,浙江工商大学杭州商学院,03,人力资源管理,490
3290,浙江工商大学杭州商学院,14,跨境电子商务,498
0337,浙江工业大学,95,日语,559
0338,浙江理工大学,24,外国语言文学类(英语、日语),563
0341,浙江农林大学,5A,英语,553
0345,浙江师范大学,51,城乡规划,526
0876,浙江万里学院,51,国际经济与贸易,504
0876,浙江万里学院,55,金融学,496
3497,郑州财经学院,04,工商管理,476
3497,郑州财经学院,10,会计学,554
3497,郑州财经学院,17,金融学,475
0459,郑州大学,02,工商管理类[工商管理(商业智能管理)、会计学],598
0459,郑州大学,03,公共管理类(行政管理、社会工作、国际政治),590
0459,郑州大学,04,法学,615
0459,郑州大学,05,中国语言文学类(汉语言文学、汉语国际教育),600
0459,郑州大学,06,新闻传播学类(广告学、新闻学、网络与新媒体),592
0459,郑州大学,07,英语,592
0459,郑州大学,13,历史学类(历史学、世界史),598
1068,郑州工程技术学院,11,物流管理,482
2747,郑州工业应用技术学院,03,学前教育,463
0485,郑州航空工业管理学院,03,图书情报与档案管理类(图书馆学、档案学),513
0485,郑州航空工业管理学院,05,中国语言文学类(汉语言文学、汉语国际教育),527
0485,郑州航空工业管理学院,07,法学,546
0485,郑州航空工业管理学院,08,外国语言文学类(英语、翻译),499
0462,郑州轻工业大学,76,会计学,550
0462,郑州轻工业大学,77,物流管理,529
0462,郑州轻工业大学,86,公共事业管理,518
0462,郑州轻工业大学,89,英语,521
4040,郑州商学院,16,会计学,492
4040,郑州商学院,17,财务管理,484
4333,郑州升达经贸管理学院,03,经济学,465
4333,郑州升达经贸管理学院,07,审计学(注册会计师),474
4333,郑州升达经贸管理学院,11,旅游管理(数字文旅),470
1969,郑州师范学院,39,学前教育(师范),497
0110,中北大学,43,英语,541
0110,中北大学,44,广播电视学,532
0033,中国传媒大学,25,广播电视编导(文艺编导方向),621
0033,中国传媒大学,31,国际新闻与传播(卓越人才实验班),630
0033,中国传媒大学,34,数字出版,618
0033,中国传媒大学,35,新闻学,630
0033,中国传媒大学,50,汉语国际教育,612
0033,中国传媒大学,52,政治学与行政学(政治传播与政府治理方向),616
0033,中国传媒大学,H4,广告学(中外合作办学),589
0033,中国传媒大学,H5,传播学(中外合作办学),596
1415,中国地质大学(北京),24,工商管理,601
1415,中国地质大学(北京),25,会计学,608
1415,中国地质大学(北京),31,英语,596
1415,中国地质大学(北京),32,翻译,592
0491,中国地质大学(武汉),22,工商管理类[工商管理(双语教学班)、会计学],596
0491,中国地质大学(武汉),30,法学,609
0491,中国地质大学(武汉),31,行政管理,592
0491,中国地质大学(武汉),37,广播电视学,594
0423,中国海洋大学,34,工商管理(数字化创新管理),617
0423,中国海洋大学,38,国际经济与贸易,614
0423,中国海洋大学,46,英语,609
0423,中国海洋大学,47,汉语言文学,618
0423,中国海洋大学,48,新闻传播学类(新闻学、网络与新媒体),610
0423,中国海洋大学,49,法学,634
0423,中国海洋大学,50,法学(中外合作办学),609
0290,中国矿业大学,0Z,外国语言文学类(英语、德语),589
0290,中国矿业大学,13,法学,606
0290,中国矿业大学,14,汉语言文学,600
3579,中国矿业大学徐海学院,0P,会计学,487
3579,中国矿业大学徐海学院,0R,行政管理,467
2453,中国劳动关系学院,01,思想政治教育,574
2453,中国劳动关系学院,02,工会学,553
2453,中国劳动关系学院,03,劳动关系,564
2453,中国劳动关系学院,04,人力资源管理,549
2453,中国劳动关系学院,05,工商管理,547
2453,中国劳动关系学院,06,法学,577
2453,中国劳动关系学院,07,劳动经济学,557
2453,中国劳动关系学院,08,经济学,555
2453,中国劳动关系学院,10,财务管理,556
2453,中国劳动关系学院,11,劳动与社会保障,550
2453,中国劳动关系学院,12,政治学与行政学,570
2453,中国劳动关系学院,17,社会工作,551
2453,中国劳动关系学院,18,社会学,556
2453,中国劳动关系学院,19,汉语言文学,558
2453,中国劳动关系学院,20,新闻学,547
2453,中国劳动关系学院,22,劳动教育,544
0355,中国美术学院,06,艺术学理论类(艺术史论、艺术管理),591
0355,中国美术学院,10,艺术设计学,581
0059,中国民航大学,02,法学(航空法),608
0059,中国民航大学,03,英语(民航外语),576
0059,中国民航大学,06,应用心理学,576
0059,中国民航大学,0R,工商管理类(航空运输管理与航空金融)(经济与金融、工商管理、会计学、财务管理),578
0059,中国民航大学,1N,翻译,571
0059,中国民航大学,21,航空安防管理,572
0624,中国民用航空飞行学院,02,思想政治教育,523
0624,中国民用航空飞行学院,03,英语,548
0624,中国民用航空飞行学院,0S,工商管理,520
0624,中国民用航空飞行学院,0T,市场营销,523
0624,中国民用航空飞行学院,0U,公共事业管理,524
0019,中国农业大学,22,经济学类(国际经济与贸易、金融学、农林经济管理),621
0019,中国农业大学,24,法学,629
0019,中国农业大学,25,社会学类(社会学、社会政策),622
0019,中国农业大学,26,英语,616
0019,中国农业大学,28,农村区域发展,619
0019,中国农业大学,30,国际经济与贸易(中外合作办学),599
0019,中国农业大学,31,传播学(中外合作办学),597
0019,中国农业大学,35,市场营销,598
0019,中国农业大学,36,公共事业管理,602
0019,中国农业大学,43,工商管理类,624
0002,中国人民大学,E1,法学,659
0002,中国人民大学,E3,新闻传播学类(新闻学、广播电视学、广告学、传播学、国际新闻与传播),652
0002,中国人民大学,F1,人文科学试验班(哲学、宗教学、伦理学、汉语言文学、汉语言、历史学、世界史、考古学、中国古典学),653
0002,中国人民大学,F5,政治学、经济学与哲学(PPE),654
0002,中国人民大学,G3,国际政治(历史政治学拔尖人才班),654
0002,中国人民大学,H1,金融学类(金融学、保险学),655
0002,中国人民大学,H6,财政学类(财政学、税收学),654
0002,中国人民大学,J1,经济学类(经济学、国民经济管理、能源经济、国际经济与贸易),654
0002,中国人民大学,J7,经济学类(新时代经济学拔尖人才班)(经济学),659
0002,中国人民大学,L1,工商管理类(数智化方向)(工商管理、财务管理、会计学、市场营销、贸易经济),652
0002,中国人民大学,M2,人力资源管理(经管交叉),654
0002,中国人民大学,M6,公共管理类(行政、土地、城市)(行政管理、城市管理、土地资源管理),651
9002,中国人民大学(苏州校区),03,金融学(中外合作办学),623
9002,中国人民大学(苏州校区),05,传播学(中外合作办学)(国际传播方向),622
4596,中国社会科学院大学,01,思想政治教育,620
4596,中国社会科学院大学,02,马克思主义理论,630
4596,中国社会科学院大学,03,汉语言文学,625
4596,中国社会科学院大学,11,社会学,612
4596,中国社会科学院大学,13,英语(与法学双学位项目),622
4596,中国社会科学院大学,15,国际事务与国际关系,622
4596,中国社会科学院大学,16,政治学与行政学,614
4596,中国社会科学院大学,18,网络与新媒体,613
1414,中国石油大学(北京),31,思想政治教育,606
1414,中国石油大学(北京),32,英语(全球能源治理),602
9414,中国石油大学(北京)克拉玛依校区,D1,英语,566
9414,中国石油大学(北京)克拉玛依校区,D3,俄语,565
9414,中国石油大学(北京)克拉玛依校区,D5,汉语言文学,568
9414,中国石油大学(北京)克拉玛依校区,E1,会计学,571
9414,中国石油大学(北京)克拉玛依校区,E4,思想政治教育,567
0425,中国石油大学(华东),45,会计学,601
0425,中国石油大学(华东),46,经济学,600
0425,中国石油大学(华东),47,俄语,590
0049,中国戏曲学院,16,戏剧影视文学(戏曲文学),573
0049,中国戏曲学院,17,艺术管理(国际文化交流),554
0316,中国药科大学,22,经济管理试验班(医药方向)(工商管理、健康服务与管理、医疗产品管理),596
0316,中国药科大学,23,英语(医药方向),593
0053,中国政法大学,01,哲学(拔尖创新人才培养实验班),625
0053,中国政法大学,02,法学,642
0053,中国政法大学,03,法学(法学人才培养模式改革实验班),655
0053,中国政法大学,04,法学(涉外法治人才培养实验班),651
0053,中国政法大学,09,社会工作,618
0053,中国政法大学,12,英语(法律英语实验班),636
0053,中国政法大学,22,思想政治教育,624
0053,中国政法大学,23,国际政治,624
0053,中国政法大学,24,政治学与行政学,624
0053,中国政法大学,45,法学(翻译双学士学位项目),644
0053,中国政法大学,47,法学(区域国别法学特色班),646
0053,中国政法大学,83,法学(纪检、监察实验班),648
1149,中华女子学院,14,法学,586
1149,中华女子学院,17,养老服务管理,537
1149,中华女子学院,21,家庭教育,540
1149,中华女子学院,24,网络与新媒体,539
0520,中南财经政法大学,02,国际政治,610
0520,中南财经政法大学,10,金融学类(金融学、投资学),623
0520,中南财经政法大学,20,法学类[法学、法学(民商法方向)、法学(涉外法治方向)、法学(政府法治方向)、法学(社会治理方向)、国际法、知识产权、国际经贸规则、法学(刑事司法方向)、纪检监察],635
0520,中南财经政法大学,26,工商管理类[工商管理、工商管理(商务分析方向)、市场营销、人力资源管理、物流管理、旅游管理、劳动关系],609
0520,中南财经政法大学,31,会计学(会计学、会计学注册会计师、财管),627
0520,中南财经政法大学,39,新闻传播学类(新闻学、网络与新媒体),609
0520,中南财经政法大学,40,汉语言文学,616
0520,中南财经政法大学,91,少数民族预科班,606
0533,中南大学,22,法学,628
0533,中南大学,A0,金融学类(经济管理类)(国际经济与贸易、金融学、工商管理、会计学),620
0533,中南大学,A2,中国语言文学类(汉语言文学、数字出版),620
0533,中南大学,A3,外国语言文学类(英语、法语、日语、西班牙语),613
0538,中南林业科技大学,02,金融学,546
0538,中南林业科技大学,05,法学,578
0538,中南林业科技大学,06,知识产权,564
0538,中南林业科技大学,08,英语,534
0538,中南林业科技大学,09,俄语,519
0538,中南林业科技大学,10,日语,526
0538,中南林业科技大学,11,翻译,530
0538,中南林业科技大学,65,农林经济管理,540
0538,中南林业科技大学,70,旅游管理,503
0524,中南民族大学,12,新闻传播学类(新闻学、广告学),566
0524,中南民族大学,13,外国语言文学类(英语、商务英语),554
0524,中南民族大学,18,行政管理(数字治理与公共安全，健康保障与社会安全),552
0524,中南民族大学,91,少数民族预科班,545
0558,中山大学,03,历史学(广州),633
0558,中山大学,05,哲学类(广州)(哲学、逻辑学),632
0558,中山大学,07,社会学类(社会学、人类学、考古学),631
0558,中山大学,0H,法学,643
0558,中山大学,1J,汉语言文学(珠海),638
0558,中山大学,1M,经济学类(珠海)(经济学、金融学),634
0558,中山大学,31,工商管理(深圳),637
0558,中山大学,AB,工商管理(深圳)(民族班，只招少数民族考生),630
0034,中央财经大学,01,财政学类[财政学、税收学、资产评估、财政学(财政基础理论基地班)、税收学(全球税收治理菁英班)],637
0034,中央财经大学,03,金融学(含金融学、金融学北外英语专业联培2个专业),640
0034,中央财经大学,06,工商管理类(会计学院)[会计学、会计学(法学、会计学双学位项目)、财务管理],640
0034,中央财经大学,14,国际经济与贸易(中外合作办学)(国际贸易、金融风险管理),616
0034,中央财经大学,15,经济学类(经济学、国民经济管理),634
0034,中央财经大学,24,法学(含与会计学双学位、与工管双学位等4个专业),636
0047,中央美术学院,12,艺术教育,581
0047,中央美术学院,17,艺术史论(中外合作办学),573
0047,中央美术学院,18,艺术管理,587
0052,中央民族大学,21,哲学类(哲学、宗教学),616
0052,中央民族大学,22,经济学类(经济学、财政学、金融学、国际经济与贸易),617
0052,中央民族大学,23,法学类[法学、法学(涉外法治)],625
0052,中央民族大学,25,社会学类(社会学、社会工作),611
0052,中央民族大学,26,民族学,618
0052,中央民族大学,29,历史学,619
0052,中央民族大学,30,教育学,610
0052,中央民族大学,32,汉语言文学,624
0052,中央民族大学,33,汉语国际教育,612
0052,中央民族大学,34,新闻传播学类(新闻学、广告学、网络与新媒体),614
0052,中央民族大学,35,工商管理类(工商管理、会计学、财务管理、人力资源管理),616
0052,中央民族大学,36,公共管理类(公共事业管理、行政管理),611
0052,中央民族大学,37,外国语言文学类(英语、翻译),613
0052,中央民族大学,45,中国少数民族语言文学,577
0052,中央民族大学,91,少数民族预科班,607
0048,中央戏剧学院,0N,戏剧学(舞台美术史论),593
0048,中央戏剧学院,0P,戏剧影视文学(戏剧创作),603
0048,中央戏剧学院,0S,戏剧教育,587
0048,中央戏剧学院,0V,艺术管理(影视制片),588
0465,中原工学院,27,日语,481
0478,周口师范学院,41,历史学(师范),516
0478,周口师范学院,42,思想政治教育(师范),518
0478,周口师范学院,43,网络与新媒体,498
0478,周口师范学院,47,翻译,482
0478,周口师范学院,48,国际经济与贸易,486
0478,周口师范学院,51,日语(师范),492
0478,周口师范学院,57,英语(师范),512
0478,周口师范学院,58,政治学与行政学,498
3684,珠海科技学院,11,学前教育(师范),460
3684,珠海科技学院,13,广告学,476
3684,珠海科技学院,24,会计学,525
3684,珠海科技学院,27,金融学,462
3684,珠海科技学院,37,日语,461
